dni,nombre_completo,direccion,telefono
21375452,Haydée Tejada Carranza,"Ronda Reinaldo Cervantes 30 Apt. 68 , Palencia, 44302",526014595
33950128,Aarón Sanchez Sanjuan,"C. de Juan Manuel Uriarte 91, Albacete, 20071",776167569
28570823,Dionisia Vallés Rosales,"Acceso Selena Marqués 42, Álava, 28179",961959003
37256554,Felipe Tapia Céspedes,"Urbanización de León Rodríguez 273 Puerta 7 , Valencia, 22724",392881416
88393275,Griselda Ferrando Guillén,"Camino Augusto Llamas 86 Apt. 86 , Soria, 03256",639741562
95216714,Clementina Farré Vara,"Via Pili Borrás 55 Apt. 85 , Huelva, 43587",580974906
81986371,Darío Borrás-Campillo,"Rambla de Encarnación Garmendia 6 Apt. 45 , Cantabria, 42521",315600614
27427266,Yéssica Buendía Salcedo,"Paseo de Elisabet Lasa 120 Piso 5 , Cuenca, 42195",786538128
30185197,Luis Villalobos,"Pasaje Blanca Lerma 3, Guadalajara, 35771",326147148
93998447,Octavia Pera Prat,"Ronda Gerónimo Luís 95 Apt. 67 , Lleida, 32275",101468345
85874004,Otilia Tejera Garmendia,"Pasadizo de Montserrat Cerezo 707, Asturias, 23078",036225164
55288036,Bibiana Carbajo Santamaria,"Acceso Carlito Asenjo 50, La Coruña, 17870",675550069
63638867,Josefa Alemán Corbacho,"Plaza Mayte Diaz 86 Apt. 05 , Guipúzcoa, 32406",409920536
93584938,María Manuela Duran Moll,"Cañada Gracia Peiró 19, Melilla, 49364",654870632
91962934,Balduino Porcel Serrano,"Alameda Jose Luis Toro 74 Apt. 48 , Pontevedra, 27804",975398313
34846734,Jacinta del Verdejo,"Plaza Amílcar Bertrán 59 Apt. 69 , Navarra, 10747",731509157
69773398,Claudio de Mateos,"Vial de Elena Escribano 64 Puerta 4 , Cuenca, 08717",246882667
47657278,Remedios Falcón Vila,"Cuesta de Leocadia Almeida 343 Apt. 67 , Vizcaya, 15565",928622434
18641255,Guiomar Barba,"Cuesta de Lorenzo Fonseca 78, Granada, 44906",982614379
92783595,Merche del Carranza,"Cuesta de Marino Cózar 23 Piso 5 , Almería, 31398",236337638
40162287,Maximiliano Mínguez,"Plaza de Tiburcio Cano 25, Navarra, 41746",342332518
58358599,Román Alonso Catalán Cordero,"Camino de Cornelio Mate 32, Cantabria, 36751",352891213
28542183,Martín Dalmau-Vazquez,"Paseo Adela Bou 80 Apt. 18 , Palencia, 37524",886817907
70020137,Casandra Mas Costa,"Cuesta Pía Iglesia 66 Puerta 9 , Sevilla, 09556",721185667
66810755,Vicenta Ribas-Garmendia,"Via de Palmira Francisco 51, Albacete, 28305",740712176
60687700,Daniel Tena Mir,"Camino de Rómulo Pera 41, Toledo, 45216",362157006
21000309,Gregorio Santana,"Pasadizo de Carina Arjona 410, Lleida, 51901",179466397
98244389,Jerónimo Blanco-Barrera,"Urbanización Sebastian Pons 127, Tarragona, 12639",742544719
38868080,Pancho de Avilés,"Via Edu Cámara 8 Piso 4 , Teruel, 08990",249888572
88796800,Remedios de Pellicer,"C. de Calixto Cerro 4 Apt. 91 , Albacete, 24246",970117846
76119745,Alfredo Viñas Santamaría,"C. de Ema Pujadas 3 Apt. 88 , Ourense, 14691",348277277
91994498,Josefa Bonet Navarrete,"Plaza de Fanny Garcés 23 Apt. 05 , Las Palmas, 04027",776280374
58506571,Fulgencio Franch-Ureña,"Paseo de Anastasio Iñiguez 93 Piso 3 , Ciudad, 41283",401240748
66354601,Ariel Ródenas Leon,"Cañada Gabino Rovira 871, Las Palmas, 10176",707228677
69420990,Nicolasa Ferrando-Palomar,"Paseo de Nuria Ortiz 8, Sevilla, 12033",826534603
85081056,Macaria Reina-Izquierdo,"Alameda Amanda Vera 90, Zamora, 29411",810735775
32453828,Reina Duran Múñiz,"Urbanización de Julieta Cantero 94 Piso 4 , Pontevedra, 47121",318526470
86545508,Carmela Villanueva,"Callejón de Paz Bartolomé 249 Piso 9 , Salamanca, 13169",293813608
19198923,Florina Lerma Seguí,"Plaza Purificación Mendizábal 99 Piso 9 , Córdoba, 29061",860095108
55319884,Pío Cervantes Ferrández,"Urbanización de Ema Mateu 36, Zamora, 18612",528304991
61502032,Elodia Ibañez,"Camino de Ramona Santamaria 98 Puerta 3 , Navarra, 36111",641416792
30787386,Jenny Zorrilla-León,"Callejón de Jose Ramón Ferrández 96 Apt. 45 , Jaén, 21190",778294837
95950942,Nydia Jacinta Cepeda Gelabert,"Alameda de Carmen Villanueva 69, Salamanca, 28270",739125249
33033899,Yéssica Ramirez Domínguez,"Calle de Nando Silva 6 Puerta 4 , Las Palmas, 20148",472651449
31501430,Luis Ángel Gonzalo Rius Múgica,"Glorieta de Ovidio Gómez 8, Barcelona, 24834",145911725
69598928,Efraín René Ferrando Zaragoza,"C. de Flor Antón 53 Piso 6 , Melilla, 28413",584499804
40191996,Amalia Gelabert Alberto,"Callejón Efraín Antón 80, Zaragoza, 30815",146576071
97666579,Bernarda Romero Daza,"C. de Manola Muñoz 89, Navarra, 41906",412523882
76430643,Lope de Martin,"Acceso de Teófilo Bernad 732, Ceuta, 02391",642816903
65721232,Leocadio Cobo Uribe,"Camino Azahar Galán 48, Álava, 29076",397618783
79890158,Noemí Alejandra Torres Losada,"Rambla Nacho Murillo 66 Apt. 13 , Pontevedra, 33909",820471926
50886936,Godofredo Solana Rocha,"Camino Raimundo Rovira 82, Alicante, 04270",385084028
31502428,Flavio Armengol,"Acceso José Ángel Boada 14 Piso 0 , Valladolid, 09431",424629908
12320417,Tomás Vasco Cantero Martínez,"Camino Alondra Pagès 33, Melilla, 42195",791914151
91352137,Gisela Luque Sainz,"Camino Javiera Manjón 311, Valencia, 14760",368985685
30096856,Ana Belén Genoveva Gallardo Casals,"Urbanización de Begoña Gisbert 66 Piso 2 , Murcia, 19110",499283340
54375666,Marisa Valverde Iglesia,"C. de Pacífica Vilalta 1 Apt. 54 , Baleares, 24974",264175917
45121235,Mario Herrera Vazquez,"Camino de Maura Perea 515, Pontevedra, 24353",761943642
36147757,Jacinto Belda Paniagua,"Via de Susanita Peñalver 673, Asturias, 43436",540684672
21794942,Íñigo Feliu-Mateos,"Pasaje Lisandro Gargallo 34, Cáceres, 06052",072853348
49437044,Jordana Abella Sarabia,"Cañada de Adelardo Ramón 98 Piso 8 , Tarragona, 22378",250886963
27712393,Bruno Solera Bermejo,"Plaza de Remigio Pou 3 Piso 7 , Madrid, 49851",971781434
13844047,Camilo Rufino Gomis Baños,"Avenida de Eugenio Barba 83 Apt. 53 , Ceuta, 11730",468332947
73543500,Francisco Javier Mateu Sanjuan,"Pasadizo de Leticia Avilés 28, Alicante, 38050",359319740
11294269,Mohamed del Blanco,"Via Américo Armas 21 Piso 5 , Las Palmas, 15192",819772189
65658788,Chucho Lumbreras Solana,"Pasaje Mauricio Naranjo 91, Palencia, 09849",335079776
97231202,Ana Belén Belén Linares Terrón,"Pasadizo Ximena Feliu 28 Piso 9 , Ourense, 10161",389556945
22723132,Cruz Benet Caballero,"Callejón de Santos Roda 527 Puerta 1 , Palencia, 07644",039999776
67198087,Noa Cuenca Armas,"Rambla de Susanita Gimenez 54, Ávila, 16785",854025034
50468260,Irma Natalia Porcel Sastre,"Ronda Angelita Garzón 11 Apt. 94 , Almería, 30212",658528666
36032580,Juan Antonio Mayol Tello,"Ronda Omar Arnal 19, Cádiz, 04575",767616703
28653012,Verónica Expósito Miranda,"Glorieta de Odalys Pacheco 49 Puerta 7 , Cuenca, 20200",054973327
38985591,Adán Alberola,"Glorieta Brígida Escolano 7, Segovia, 08630",033702628
32179431,Jerónimo Tirado,"Cañada de Samu Martí 7 Piso 7 , Palencia, 13388",388865914
19857293,Jonatan Carreño Calderón,"Cañada de Juan Bautista Dalmau 79 Apt. 99 , Huesca, 02872",688295430
80981575,Isaura Miranda Cervantes,"Pasadizo de Oriana Ruiz 60, Huelva, 26675",663695502
95357386,Flavia Camino Mata,"Ronda de Cayetana Solera 21, Huesca, 20678",323200196
75595115,Tomasa Estrada Arranz,"Camino Manola Álamo 59 Apt. 47 , Burgos, 25814",946031343
93385409,Benigno Vallejo-Franco,"Alameda de Román Navas 73 Puerta 5 , Ciudad, 41617",773751926
56355002,Esmeralda Escrivá-Falcón,"Via Bienvenida Ribas 19, Santa Cruz de Tenerife, 05233",705057013
27703570,Nicolasa Armida Nogueira Amo,"Avenida de Florencio Merino 88 Apt. 67 , Las Palmas, 40207",243508123
54430965,Anselma Gracia Tovar,"Ronda Soledad Gómez 88, Zaragoza, 39655",839061552
34305289,Fernando Borja Benitez,"Camino de África Terrón 94, Melilla, 43877",511865552
64690555,Ema Bello Morata,"Callejón de Ruth Valcárcel 12, Alicante, 10332",581918395
74834394,Ovidio Muñoz-Maestre,"Via de Juana Cal 89 Apt. 02 , Lleida, 19895",890049114
76295675,Agustín Piquer Ochoa,"Ronda de Georgina Ortuño 95 Apt. 08 , Soria, 18893",278475477
58981449,Concepción Narváez Calderón,"Calle de Luisa Arenas 234 Puerta 7 , Ceuta, 30955",281403588
72546683,Ezequiel Catalán Quero,"Vial de Inés Martí 1, Guadalajara, 20170",166793996
55748283,Oriana Campo-Sarabia,"Alameda de Félix Céspedes 75, Cáceres, 42813",870308961
39487882,Modesto Yáñez-Vera,"Glorieta Inés Garrido 49 Puerta 9 , Salamanca, 23049",307337667
22044568,Pastora Hervás-Higueras,"Pasaje de José María Agullo 56, Las Palmas, 38930",193697102
29219804,Hermenegildo Nicolau Salinas,"Ronda de Gerónimo Milla 2, Murcia, 23827",602345119
97687033,Eustaquio Barriga,"Vial Ale Antón 7, Soria, 22820",462003958
64833983,Marianela Carbonell Landa,"Plaza de Armida Cueto 18, Toledo, 40392",437053446
57426648,Marcelo Ricart Muñoz,"Rambla Régulo Robles 181 Apt. 48 , Tarragona, 32886",828413616
19280334,Eliana Carrasco Pla,"Rambla de Nidia Valentín 968 Apt. 99 , Zaragoza, 07789",708134518
53529481,Ester Exposito,"Ronda de Quique Manzanares 53, Las Palmas, 18793",415331501
60531924,Zoraida Aragonés Gallardo,"Urbanización Ignacio Morán 29 Apt. 54 , Pontevedra, 34173",475480812
27561046,Perla de Arana,"Avenida Haroldo Abril 59 Puerta 3 , Granada, 05834",751516470
60113565,Celso Infante Torralba,"Cañada de León Ribes 464 Puerta 6 , Murcia, 39534",365081832
43496230,Rosario Antón,"Callejón de Rosario Páez 1, Barcelona, 47464",609119932
95575112,Bibiana Manjón Roldán,"Callejón Rafaela Almeida 5, Sevilla, 17079",991967484
79700365,Chelo Ximena Llanos Losa,"Avenida de Coral Marquez 29, Zamora, 17577",600937016
48251892,Eusebia Amador Vizcaíno,"Urbanización Tristán Teruel 45, Murcia, 08465",208482880
42881519,Macaria Tejada Monreal,"Callejón de Raquel Serna 896, Ceuta, 41336",328269882
67665892,Emilio Macias-Riquelme,"Pasaje Hilda Bautista 92 Puerta 9 , Teruel, 07010",575955611
81550829,Eutimio Salas Valdés,"Pasadizo Jenaro Matas 109, Sevilla, 10381",685872555
68333054,Olga Valverde Gomila,"Pasadizo Alba Sainz 83, Burgos, 05159",324412963
83944119,Leonel Gracia Ramis,"Plaza de Asdrubal Losa 884, Vizcaya, 25648",661923611
37720792,Encarna de Cerro,"Cuesta de Coral Tello 26, Zamora, 33423",580494837
64735878,Efraín Isern Carpio,"C. Carmelo Rosselló 941 Piso 6 , Málaga, 33938",757777800
45565143,Cruz Baños Espejo,"Ronda Leonor Giner 57 Piso 9 , Navarra, 20018",494453811
74052381,Benito Carretero Jordá,"Pasaje Diego Rosselló 38, Teruel, 39872",721072880
33472311,Jordán Frías Fabregat,"C. de Anita Burgos 3, Navarra, 42165",035243892
69959035,Javi del Hierro,"Camino Adrián Saez 99, Córdoba, 10479",293203975
61284804,Tatiana Riba Peiró,"Paseo Ana Montes 99 Piso 0 , Alicante, 50438",369010833
40483555,Narcisa Morera Amat,"Rambla de Matilde Muro 863, Badajoz, 31260",286923815
60663810,Gilberto Fabra,"Calle Édgar Raya 91, Cantabria, 06375",401814868
92050216,Saturnino Ruiz Teruel,"Cuesta de Marcial Pellicer 11, Vizcaya, 09281",650165156
74845783,Inmaculada Arnau Pont,"C. de Calisto Villena 52, Asturias, 48752",316278469
42023992,Jose Carlos Urrutia Ramos,"Cuesta Marino Rosell 3, Castellón, 07839",651157440
80645867,Augusto Jafet Iriarte Barba,"Camino Merche Marín 562, Guipúzcoa, 34747",381221614
25536844,Primitiva Francisco Crespo,"Via de Lupita Polo 50, Badajoz, 37800",225524613
49972085,Anna Agustín Mendez,"Calle de Dani Rosselló 8 Apt. 04 , Álava, 39281",845179942
46487705,Jovita Adadia Gascón,"Glorieta Marcela Arias 16, Murcia, 02388",205998172
81001783,Concha Arroyo Otero,"Avenida Gisela Carmona 603 Puerta 1 , Huelva, 01249",581307389
59260460,Pepita del Clemente,"Paseo de Amalia Pizarro 63, Granada, 13790",654627349
26765730,José Ángel Donaire Jáuregui,"Avenida de Pablo Novoa 56, Cantabria, 34348",443432173
17061113,Victor Gabaldón López,"Calle Sosimo Marí 9 Apt. 11 , Jaén, 45177",214113857
84095686,Ovidio Arce Mármol,"Rambla Pía Martínez 89, La Rioja, 13425",943379260
41708733,Calista Pozo,"Glorieta Pacífica Zorrilla 97 Apt. 51 , Ciudad, 41789",562921464
27926480,Nico Aznar Gomez,"Vial Eutimio Nicolau 25, Soria, 28662",800443463
78249006,Olegario Gallego Calderon,"Via de Consuelo Plana 31, Zamora, 16369",575002383
22019123,Javier del Recio,"Paseo Marcial Quintanilla 295, Barcelona, 21031",946500779
17171039,Miguela Figueroa Cortes,"Ronda Rosalina Teruel 793, Cáceres, 22141",501521928
20087633,Feliciano Martorell Novoa,"Callejón de Victoriano Abellán 16 Apt. 85 , Ciudad, 31828",787358844
55213470,Flora Pedrosa Plaza,"Pasaje de Paola Roca 60 Apt. 05 , Toledo, 49875",733466160
85059196,Elba Urrutia Maza,"Pasadizo Clarisa Meléndez 28, Asturias, 01872",104513262
25289714,Fortunato Bartolomé,"Callejón de Elisabet Arnal 9 Piso 3 , Las Palmas, 06653",913170501
98391320,Alexandra de Cánovas,"Pasadizo de Esteban Lobo 55 Piso 1 , Segovia, 27482",134132968
85550838,Simón Rios,"Plaza de Febe Carrillo 96, Guadalajara, 47604",861156347
72836970,Eli Benavides Pastor,"Camino Patricio Jove 293 Piso 1 , Málaga, 20897",093937540
94986642,Marciano Calisto Carnero Pla,"Paseo de Patricia Sebastián 6 Apt. 76 , Madrid, 33141",002450086
89352645,Ezequiel Mas Prado,"Avenida Juan Antonio Benavent 37 Piso 7 , Segovia, 20909",903470514
80974491,Vicenta Peral Delgado,"Pasaje de Elisabet Alcántara 1, Jaén, 48857",676449529
31892556,Leandra Escolano González,"Glorieta Nereida Iglesias 6 Puerta 1 , Vizcaya, 46848",889956893
68367134,Esteban Mir Tamayo,"Cañada Cayetana Llano 94 Puerta 5 , Melilla, 17520",800441360
39781020,Malena Blanco Escrivá,"Acceso Maristela Parra 29, Málaga, 49999",006542770
18034966,Borja Lozano Pou,"Vial de Consuelo Fajardo 6, Castellón, 51794",299507351
53257757,Odalys Joaquina Mateo Aller,"Glorieta Lupe Bernal 66 Apt. 46 , Ceuta, 38942",470362669
62228977,Griselda Nereida Anguita Gomila,"Camino Ana Lillo 8, Ceuta, 51658",107381992
63390625,Fulgencio Ricart-Carbonell,"Plaza Esmeralda Bautista 4, Cáceres, 03952",994093857
98206067,Duilio Victor Neira Carretero,"Via Leonardo Barrera 1 Puerta 1 , Girona, 36076",484311339
69148505,Lucía del Herrero,"Pasadizo de Aurelia Gutierrez 3 Piso 1 , Huesca, 09601",849661010
24931908,Jose Francisco Soriano,"C. de Máxima Garriga 33 Apt. 79 , Barcelona, 40950",479505949
42320132,Sol Tamarit Sabater,"Glorieta de Osvaldo Nieto 46, Girona, 37362",550040635
98900625,Teófila Gimenez Marí,"Acceso Jerónimo Vélez 32, Castellón, 17564",968986034
87135781,Manuela Puente Orozco,"Alameda Victor Maza 7, Asturias, 40234",570754235
17787352,Beatriz María Jesús Cárdenas Fiol,"Paseo de Carlos Barriga 3, Asturias, 46187",513170500
30779842,Tere Galvez-Fernández,"Ronda de Hermenegildo Pera 4 Puerta 5 , Baleares, 32988",529217668
47253741,Dionisia Tejada Campos,"Rambla María Ángeles Cerro 8 Apt. 59 , La Rioja, 44056",090398338
99885250,Elisa Fanny Roma Donaire,"Cuesta de Salomón Capdevila 389 Piso 5 , Santa Cruz de Tenerife, 38141",383174242
56415344,Teodoro Valentín-Guitart,"Alameda de Antonia Rueda 9, Alicante, 12425",290659638
14277060,Carmela Royo Vilanova,"Rambla Eligio Baños 22 Apt. 95 , Lugo, 04919",541001943
93303919,Liliana Llorente Nevado,"Plaza de Paca Jordá 5 Puerta 1 , Cáceres, 14394",377764797
63773045,Clara del Villar,"C. de Carlota Salazar 8 Puerta 3 , Pontevedra, 41287",547007872
90183491,Alberto Hoz Real,"Cuesta de Concepción Gomez 68, Melilla, 35064",312194519
72743345,Olimpia Rios Doménech,"Callejón de Herminia Sans 23, Asturias, 18776",001211881
69152653,Valeria Guzman Botella,"Cañada Vanesa Alsina 649, Soria, 19616",700256478
85053119,Faustino Fuertes Tena,"C. de Guillermo Juan 27, Lugo, 43188",938926447
19768273,Amarilis Castrillo Sierra,"Ronda Rosalina Tomás 123 Piso 2 , Murcia, 24369",356655274
10515239,María Del Carmen Alcalá,"Callejón Patricia Mora 85, Cáceres, 17154",426068862
67660691,Leandra Tamarit,"Via de Celestina Ramos 5 Puerta 3 , Girona, 16522",158965614
97376021,Ruperta Jove Gómez,"Rambla Nacho Carlos 42, Álava, 28077",591460366
87607110,Candelas Escamilla-Peiró,"Plaza Ofelia Roda 74 Puerta 6 , Toledo, 27790",132928284
32406309,Sarita Jenny Planas Carrera,"Plaza de Pepita Llobet 9 Apt. 64 , Tarragona, 10668",693205694
59330825,Hermenegildo Trujillo Sierra,"C. Fernando Roma 644 Piso 4 , Cádiz, 18211",754425940
86490414,Salud Gascón Bolaños,"Avenida Román Sotelo 377, Álava, 37168",851181980
79688591,Zaida de Silva,"Calle Gervasio Morcillo 14 Apt. 18 , Zamora, 46999",900494186
16342633,Vicenta Perera-Pineda,"Via de Ciriaco Calatayud 5 Apt. 66 , León, 23136",566725273
59810706,Encarnita Figuerola Romeu,"Calle de Visitación Rubio 54, Ávila, 43724",685084770
54164343,Javiera Somoza Carmona,"Urbanización Norberto Sanchez 87 Puerta 3 , Segovia, 22992",329322595
56215546,Borja Grau Sedano,"Plaza de Amado Vélez 8, Santa Cruz de Tenerife, 41788",822501346
88145085,Luisa Antón,"Ronda Tomasa Tirado 7, Ourense, 11099",569517959
77284250,Wilfredo Arnau Gisbert,"Acceso Jenny Amaya 63 Apt. 22 , León, 36340",320556213
12869491,Liliana Encarnita Yáñez Herrero,"Vial Fátima Armas 68 Apt. 53 , Jaén, 15637",926889727
23456231,Rufino Pardo Mendoza,"Paseo de Marcelo Pagès 876, Pontevedra, 22982",050859074
49475922,Julián Teo Fuentes Figueroa,"Plaza de César Ayllón 34, Asturias, 27495",108013628
78423856,Mauricio Nicolau Luque,"Callejón de Fortunato Borrás 75 Apt. 47 , Badajoz, 42363",804007238
62595818,Aitor Pagès Carlos,"Ronda Martín Cifuentes 86 Piso 8 , Málaga, 06516",894003913
95439564,Cayetano Mayo Oliver,"Cañada de Carolina Paredes 83 Puerta 6 , Toledo, 29172",096127784
10882343,Mohamed Ramirez,"Cuesta Dafne Paz 28 Puerta 1 , Ourense, 26080",884886309
27829060,Leonor de Lerma,"Urbanización Rosalina Correa 3, Teruel, 22979",979514641
44898374,Reyes Aguado Pedro,"C. de Martin Vázquez 13 Piso 3 , Toledo, 32790",452736714
38920254,Ligia Batalla Portillo,"Rambla Nacio Soria 4 Apt. 31 , Burgos, 02410",687169869
42179471,Baudelio Mateu España,"Vial Abril Alvarez 48, Guadalajara, 17278",467635038
70704700,Irma Tomé Casares,"C. Nicolás Salcedo 55, Cádiz, 14024",970593795
94937625,Selena Vall Contreras,"Paseo Julia Giralt 7 Puerta 6 , Tarragona, 23993",706905071
23310257,Jacinta Bartolomé Torrecilla,"Ronda María Ángeles Zurita 541, Ciudad, 08348",883145182
91737650,David de Pons,"Cuesta Herberto Gaya 54 Piso 6 , Alicante, 35428",653382016
18181571,Narcisa Rivero-Sanjuan,"C. José Ángel Valle 45 Apt. 70 , Murcia, 39266",660707745
36399226,Amando Losada Franch,"Paseo Otilia Baquero 38 Puerta 8 , Tarragona, 34393",010598433
39799356,Eleuterio José Herrero Alcalá,"Rambla de Edelmira Santamaría 2 Puerta 0 , Palencia, 14498",965724853
41383490,Eugenio Solís Verdú,"C. Haydée Palmer 91, Girona, 01230",519083035
43700627,Juan Manuel Azorin-Garmendia,"Paseo Fanny Ricart 1, Ceuta, 50890",674801058
86503175,Felix Lladó Godoy,"Cañada de Oriana Garmendia 3 Apt. 80 , Santa Cruz de Tenerife, 15666",233590596
98383713,Feliciano Ferrero Muñoz,"Ronda de Jose Miguel Samper 17 Piso 1 , Castellón, 21258",134575608
84926175,Omar Meléndez Blanca,"Avenida de Reyes Roig 97 Puerta 4 , Badajoz, 38873",620655327
27110373,Paula del Chico,"Glorieta de Juan José Durán 3, Castellón, 16053",708609648
38882167,Salvador Aramburu Palma,"Callejón Elisa Cid 80, Toledo, 08188",347638593
96536446,Ana Durán Galán,"Alameda Edgardo Sebastián 91 Piso 4 , Almería, 28064",294892868
69520578,Eugenia Benet,"Callejón de Víctor León 9, Granada, 47196",145071610
24258268,Cloe de Carrasco,"Glorieta Dan Márquez 3, Salamanca, 49594",553573441
42095185,Alejo Avilés Chamorro,"Ronda de Roque Castejón 809 Piso 0 , León, 40443",358605509
69170262,Toribio Avilés Cazorla,"Acceso Angelino Alcaraz 4, Ciudad, 21431",117073788
71494849,Amado Bueno Mayoral,"Via de Dolores Cerdá 4 Puerta 8 , Las Palmas, 36609",487753214
18512721,Eugenio Amat-Figueroa,"Glorieta Saturnina Egea 22 Piso 7 , Córdoba, 32299",047314497
46140986,Bautista Tamayo Segarra,"Camino Reyes Cabello 3, Almería, 09032",193367849
88870496,Moreno Felipe Carpio Novoa,"Via Sebastián Vara 1, Santa Cruz de Tenerife, 48112",230844139
60500189,Bernarda Morell,"Pasadizo Danilo Rey 8 Puerta 6 , Guadalajara, 22062",941640990
51567353,Duilio de Rubio,"Via Darío Rubio 75 Piso 6 , Cádiz, 12880",221825027
99744063,María Jesús Salom Aliaga,"Acceso Eloy Falcón 42, Alicante, 14518",812509186
93435183,Candela Sanmiguel Villanueva,"Urbanización de Néstor Olivera 21, Tarragona, 19662",858964060
29637418,Nazaret Armas Rodrigo,"Ronda de Nazario Águila 7 Puerta 4 , Barcelona, 42586",821488527
63098330,Fortunata Soto Sanchez,"Cuesta de Gervasio Cal 46 Piso 6 , Valencia, 44082",566397052
50511432,Manuel del Ortuño,"Rambla Édgar Baquero 80, Cuenca, 09519",771967040
37578212,Piedad Paca Ibañez Pla,"C. de Encarna Vaquero 7 Puerta 8 , Ávila, 30345",493619489
46049118,Agustina Yuste Galván,"Vial Jesús Galan 32 Puerta 2 , Ourense, 10598",611432311
19054399,Modesto Carpio,"Via Lara Hernando 78, Cuenca, 46507",013787328
40499180,Pepe de Carro,"Acceso de Carmela Martí 192 Puerta 2 , Valencia, 09917",474047579
88402092,Anabel del Cortés,"Avenida de Vasco Teruel 7 Piso 4 , Valladolid, 22018",661383994
57241514,Benigno Olmedo Peña,"Cañada Ámbar Iniesta 30, Burgos, 50992",359834174
25532706,Gustavo Martí Bonilla,"Calle Severino Blanes 50 Puerta 8 , Tarragona, 45971",768356396
81442115,Urbano Ribera-Bermudez,"Paseo de Teresa Lara 78 Piso 4 , Málaga, 12870",873646858
11739217,Anunciación Uriarte Echevarría,"Plaza de Isa Alcaraz 73, Alicante, 13033",992893649
28643251,Gerónimo Uribe Elías,"C. de Fausto Gimenez 29, Salamanca, 07545",407799864
13579936,Domingo Ordóñez Gisbert,"Rambla Isidro Hidalgo 52, La Coruña, 51002",371706224
32584247,Clarisa Ruperta Terrón Cabeza,"Glorieta de Zaira Miguel 15 Apt. 52 , Madrid, 07430",720816196
98295150,Dominga Salomé Valera Abella,"Callejón Enrique Borrell 40, Melilla, 44478",421081472
23922324,Susanita Anguita Cerdá,"Urbanización de Ainoa Llamas 90, Córdoba, 24247",901960681
66979572,Luisa Pilar Muro Gordillo,"Vial África Chacón 13, Murcia, 08195",509808876
50173620,Camila Gámez,"Ronda Samuel Beltrán 175 Apt. 36 , Badajoz, 04818",210044713
92669198,Francisco Javier Gomila Guillen,"Vial de Rosalía Amo 96, La Coruña, 40128",939892456
12615007,José Antonio Piñeiro,"Glorieta de Marta Bernat 1 Piso 2 , Alicante, 31503",411544057
23568898,Candelario Fiol Albero,"Via Carlito Almansa 27 Puerta 8 , Girona, 52099",614786919
77462277,Esperanza Bonet Estrada,"C. Lucas Marí 8 Piso 5 , Burgos, 15859",266402101
67605836,Erasmo Carro Álvarez,"Pasadizo de Sancho Mata 7 Puerta 5 , Segovia, 06715",315190522
58619274,Albano de Busquets,"Glorieta Fabricio Herrero 7 Apt. 03 , Lugo, 20803",700568890
66054029,Ambrosio Campillo Recio,"Avenida Julieta Cadenas 92 Apt. 57 , La Coruña, 31905",146137823
32434261,Coral de Lasa,"Plaza de Miguel Ángel Blazquez 54 Puerta 1 , Soria, 35681",570175651
90066187,Noemí Albero Salamanca,"Acceso Godofredo Barroso 89, Málaga, 34974",424691888
95545902,Guiomar Mariño,"Calle de Eutropio Rosales 57 Piso 9 , Toledo, 41595",101604450
16924055,Pili Goñi Mate,"C. Godofredo Verdugo 91, Alicante, 12742",769174420
74129571,Ligia Checa Céspedes,"Alameda Verónica Acuña 385, Guadalajara, 49470",080176546
55423772,Juan Alberdi Cruz,"Cañada Amalia Cal 179, Alicante, 25426",372857442
54917105,Maximiano Peláez,"Ronda Miguel Ángel Galindo 48, Soria, 18597",332114417
94091312,Magdalena Cózar Peral,"Alameda de Blanca Valbuena 24, Zamora, 12544",759312838
25924181,Mohamed Pintor Carvajal,"Alameda Rafaela Armas 75 Piso 5 , Sevilla, 51232",997885419
72534821,Chuy Iñiguez Prada,"Ronda de Sebastian Ripoll 848, Vizcaya, 07415",109499606
48924731,Pepito Sureda Roldán,"Rambla Bernabé Morante 17, Castellón, 51568",418734440
96541031,Leocadio Emiliano Seco Carrión,"Calle de Ignacio Dueñas 24, Soria, 20348",383262188
92936602,Joaquina Arroyo Ramirez,"Callejón Pepito Cañizares 52 Puerta 6 , Zamora, 15471",998822501
24520609,Nicolás Gárate Hervás,"C. de Edelmira Cueto 74, Tarragona, 39408",351193331
65027609,Lilia Santamaría Cueto,"Calle de Samanta Piña 618, Cádiz, 27650",787959371
67685469,Lina del Yuste,"Rambla de Beatriz Llano 41, Granada, 50980",061591415
74441512,Zoraida Lobo Aramburu,"Avenida de Aureliano Rosales 75, Pontevedra, 21305",917805252
22936059,Arturo de Ibarra,"Plaza Severino Marin 778, Burgos, 27145",369470931
11847338,Guiomar Lumbreras Dueñas,"Ronda de Pastor Tello 30 Puerta 5 , Ávila, 18812",119959271
31037073,Amor Terrón Luís,"Cuesta de Mario Crespi 778 Puerta 6 , Navarra, 50538",722732318
90428423,Jonatan Rueda Ordóñez,"Cañada de Chelo Moraleda 131, Cádiz, 37474",475373429
74357208,Concepción Narcisa Mayol Jaume,"Vial de Zaida Albero 27, Soria, 01689",867238670
83491415,Paulina Toledo,"Acceso Conrado Mulet 88 Apt. 24 , Soria, 33841",119735168
88691378,Agustina del León,"Callejón Eustaquio Comas 51 Piso 9 , Teruel, 44840",524283673
91496958,Amparo Solano Luz,"Pasadizo Eladio Palomo 28 Puerta 7 , Cáceres, 09029",413711093
44304852,Cayetano Rico-Cabezas,"Cuesta Úrsula Peral 5 Puerta 3 , Palencia, 20009",396869503
60972647,Anselma Velázquez Martorell,"Paseo de Ascensión Sebastián 550, Madrid, 10073",366238150
10777173,Eva María Zurita-Mateu,"C. Lisandro Lledó 361, Lugo, 28780",733216856
30637874,Reina Salcedo,"Via de Yésica Carreras 333 Apt. 47 , Valencia, 28513",567535423
64863834,Rosario Ávila Mármol,"Ronda Martirio Cáceres 45, Salamanca, 42150",936939100
35913493,Encarnita Román Borrego,"Vial Ángela Gámez 98, Zaragoza, 30485",367207359
21124452,Jacinto Ávila Murillo,"C. Otilia Pou 71 Apt. 93 , Toledo, 30926",284100801
64234337,Marisol Agustín Almazán,"Rambla de Nereida Nieto 77, Salamanca, 46403",836766066
81277114,Oriana Heras Morera,"Plaza de Amado Sobrino 35 Apt. 52 , Zaragoza, 31097",082659339
89573311,Luis Oller,"Callejón de Urbano Alcolea 60 Apt. 93 , La Coruña, 20728",080061794
38657001,Lorenzo Cornejo-Ureña,"Paseo de Fanny Monreal 18 Apt. 99 , Asturias, 46181",720770653
40360601,Silvia Prada,"Rambla Amador Codina 360 Puerta 9 , León, 22446",727341513
39178290,Rocío Conde,"Cañada de Eloy Coronado 36 Piso 7 , Valladolid, 18531",562592582
77315680,Eusebio Meléndez Tapia,"Cuesta de Azahara Berenguer 9 Apt. 17 , Cádiz, 50524",958984681
12328079,Sofía Lorenzo Martin,"C. Alondra Ramirez 995, Ceuta, 14183",629932876
22328646,Purificación Polo Montaña,"Urbanización Cristina Téllez 139 Apt. 33 , Navarra, 24011",813481605
45863052,Cristian Iniesta Salgado,"Acceso de María Del Carmen Francisco 7, Albacete, 39197",785517762
56341174,Loida Ribera Pinedo,"Cañada Nieves Campos 844 Apt. 85 , Ciudad, 09379",623411256
13400431,Julio César Valls,"Via de Melania Plaza 8, Ciudad, 10521",623326058
92911837,Nazaret Capdevila Sastre,"Pasadizo Ruy Moll 21 Puerta 4 , Badajoz, 06464",019573483
41123607,Nereida Valera Ribera,"Cuesta de Diego Huertas 37, Valencia, 42870",423573978
90274171,Fabiola Morante Sarabia,"Vial de Inés Luján 74, Sevilla, 08765",520540950
87842463,Jafet Vaquero Vilar,"Avenida Gervasio Velázquez 9 Puerta 1 , Albacete, 51964",038678122
38397511,Pánfilo Orozco,"C. de Victor Vallejo 49, Álava, 05510",663547893
18421247,María Belén Ortega-Montaña,"Acceso Ámbar Calderón 1, Ávila, 49556",970670925
59017738,Pablo Ferrándiz Bernat,"Pasadizo de Atilio Fonseca 28 Puerta 4 , Valladolid, 08483",983454241
49335094,Damián de Simó,"Paseo de Beatriz Rozas 2 Apt. 29 , Álava, 05882",468723555
71495675,Concepción Viña Ledesma,"Alameda de Graciano Oliveras 3 Apt. 75 , Baleares, 22942",690228720
52454498,Flor Barral Antúnez,"Avenida de Leopoldo Benavides 66, Huelva, 44781",463201477
54163182,Judith Olmedo Almansa,"Pasaje Macarena Moreno 10, Guadalajara, 32609",506722304
27505193,Íngrid del Romeu,"Pasadizo de Olimpia Morán 24 Piso 5 , Lleida, 34972",459853237
44630880,Amada Roselló Carrasco,"Ronda de Trinidad Tur 10, Cáceres, 32281",761921073
23446319,Ale Dávila Carrión,"Paseo José Manuel Figuerola 623 Piso 7 , Guadalajara, 50058",452608541
62971836,Alex Cabrera-Benavent,"Paseo Rosalía Jara 581, Lleida, 35858",290707626
90862199,Paz Barrena Espejo,"Calle Adoración Lamas 37 Apt. 54 , Burgos, 50764",899456155
32531815,Marianela Olivares-Colomer,"Camino de Leticia Alsina 76, Soria, 33482",352857988
35096900,Donato Vicens-Ferrándiz,"Rambla de Aristides Valls 43, Pontevedra, 36933",723622611
54163999,Gonzalo Ramirez Verdú,"Camino de Florentina Mendizábal 78, Guadalajara, 46787",373981771
61103244,Dominga Gálvez Tapia,"Cañada Mohamed Cárdenas 782, Granada, 28696",824592484
75309718,Amancio Villalonga Samper,"Ronda Ana Belén Núñez 55, Zaragoza, 47546",166380518
33692865,Marisela Simó Beltran,"Paseo Perlita Melero 5, Salamanca, 07245",657608656
58064908,Perlita de Marí,"Rambla Rita Reina 842 Apt. 58 , Ourense, 20800",782148764
55560470,Gerardo Calleja Ferrando,"Acceso Juan Bautista Pera 57, Baleares, 39421",724130450
24647171,Ramón Caro Ramis,"Alameda de María Jesús Anglada 83 Puerta 1 , Badajoz, 06711",348380242
60580860,Miguela Casares Díez,"Alameda María Dolores Cañas 11, Almería, 36251",143188094
60008603,Ágata Cifuentes-Verdugo,"Pasadizo de Marisol Suárez 54 Apt. 16 , Toledo, 44267",568131264
39104400,Curro Cuenca,"Via de Balduino Pont 34 Piso 8 , Lugo, 51496",905034003
21287908,Espiridión Pineda Bas,"Pasadizo Concha Montesinos 63, Zamora, 02608",299041125
59143965,Jose Luis Clemente Huerta,"Glorieta de Encarna Vilar 14, La Coruña, 48396",060386207
14479956,Albert Gonzalo Fajardo,"Pasaje de Jorge Redondo 10 Puerta 9 , Valencia, 41889",629712377
29305658,Florentina Frías Cerdá,"Ronda de Guadalupe Pujol 25 Piso 7 , Alicante, 03420",066893329
89989115,Custodia Martín Conesa,"Rambla de Juana Feliu 8 Puerta 7 , Zamora, 38641",877184435
34964419,Aarón Valerio Aranda Vergara,"Urbanización Marciano Company 67, Valencia, 35378",900120443
79583192,Alberto Cuesta Iglesias,"Plaza Leticia Tomás 156 Puerta 2 , Huesca, 04457",798457832
79603573,Josep del Vigil,"C. Corona Arteaga 461, Soria, 45302",145317016
97990196,Íngrid Raya,"Urbanización Cristina Marti 93, Álava, 21456",313498137
38771369,Abril del Bayo,"Pasaje de Coral Pastor 6, Albacete, 03946",304413487
72148570,Flora Reyes Núñez,"Cañada Isidoro Alcolea 68 Apt. 03 , Ávila, 13504",671785947
85835978,Fátima Bou Solsona,"Camino de Jenaro Gutierrez 75, Segovia, 09320",114883438
93310227,Milagros Zamorano Casares,"Acceso Macario Cabanillas 527, Castellón, 23560",025819121
86039024,Rubén Manuel Montero,"Plaza Alejandro Bru 1 Puerta 7 , Guipúzcoa, 15379",124561374
94220535,Santiago Noé Pi Sanjuan,"Callejón Nicanor Coello 2 Apt. 40 , Segovia, 14431",891554993
22658177,Leonel Roura Pablo,"Calle de Araceli Mulet 213 Puerta 8 , Sevilla, 11019",566531900
99113279,Florentina Llopis Barrena,"Cañada de Leonardo Menendez 18 Puerta 8 , Sevilla, 18648",540670755
60744136,Tamara Nidia Puga Sosa,"Via de Chus Roura 647, Sevilla, 04970",926123909
86570574,Cayetana Ledesma,"Pasadizo de María Dolores Bello 29 Piso 9 , Valladolid, 30351",196437115
89211667,Angelina Villegas,"Via de Adelardo Jover 75 Piso 3 , Sevilla, 02989",959878853
60170226,Quique Rebollo-Muro,"Vial de Ester Cantero 3 Apt. 61 , Alicante, 51859",335026168
84583223,Fausto Cadenas Badía,"Pasadizo de Nazario Guerrero 14, Salamanca, 05438",827619297
66989252,Gabino del Uribe,"Cañada de Mohamed Goicoechea 66, Ourense, 46197",552990831
20773105,Jose Anastasio Gual Gallardo,"Via David Baena 15 Apt. 85 , Asturias, 29402",408520827
76185467,Benigno Zamorano Suárez,"Calle Evita Pinto 91 Piso 6 , Soria, 24164",590644588
35852393,Pablo Barba Rios,"Cañada de Azahar Barón 4 Piso 2 , Teruel, 10188",720658199
26229161,Abel Ortiz Chaves,"Vial de Federico Pelayo 36 Piso 6 , Cáceres, 20792",170531604
68250004,Nayara Pla,"Camino Humberto Valcárcel 7 Apt. 94 , Barcelona, 06000",672964816
33291263,Andrés Calzada Pujol,"Callejón de Bienvenida Torrent 13 Piso 8 , La Rioja, 25167",551585729
75443135,Cruz Vilar Seguí,"Avenida Florencia Cantón 94, Ceuta, 21193",746074738
43672751,Encarnación Tomé Trujillo,"Ronda de Chelo Flor 16 Apt. 26 , Toledo, 11464",875341108
59660864,Modesto Fábregas,"Paseo Florencio Ayuso 46, Madrid, 04612",920570544
33758042,Lupe Solé Rovira,"Callejón Rebeca Toledo 61, Granada, 08087",630167362
23330426,Cloe Crespi Osuna,"Vial Estela Higueras 37 Puerta 7 , Sevilla, 04809",538250185
28546489,Anita Ángel Niño,"Camino de Gisela Escalona 32 Piso 7 , Teruel, 19285",789982798
94562444,Domingo Perales Galindo,"Via de Curro Borja 799, Lleida, 08404",956651706
40567401,Emma Bayo,"Calle de Eufemia Zabaleta 15 Puerta 6 , Badajoz, 40071",469150474
51264638,Elba Rivera Aguilera,"Plaza Dionisio Ordóñez 6, Lugo, 50505",935691589
15161506,Aura Portillo Bravo,"Glorieta Miguel Hernandez 732 Piso 1 , Pontevedra, 12177",748273372
11977744,Nicodemo Lladó Mancebo,"Urbanización Genoveva Baró 33, Almería, 36634",928483342
28983634,Clarisa del Cruz,"Glorieta de Olalla Estévez 9 Apt. 26 , Albacete, 16895",823416305
20391122,María Fernanda Sandoval Ibañez,"Glorieta de Petrona Fabregat 29 Apt. 40 , Lugo, 39950",441549952
64907741,Joan Cabrera Plana,"Vial de Valerio Cabanillas 91, Ourense, 48893",872386502
91789778,Ciro Pont Cerdán,"Vial de Loreto Moya 81 Apt. 89 , Soria, 25958",542884048
19678044,Lorenzo Vilalta Tejera,"Pasaje de Celestino Trillo 87 Puerta 7 , Salamanca, 23079",669456355
39546046,Enrique Matas Soto,"Alameda Albino Puig 1 Apt. 08 , Tarragona, 30101",680801487
62731030,Ariel Torralba-Canet,"Pasaje de Francisco Jose Rosselló 13, Salamanca, 29270",073898622
59947484,Modesto Barrera Quiroga,"Vial Mauricio Iborra 66 Apt. 15 , Zaragoza, 02046",031165046
83602813,Bartolomé Nebot Álvaro,"Paseo de Íñigo Córdoba 43, Asturias, 16668",294145042
70387360,Tania Viñas Ferrando,"Vial de Silvia Carballo 8, Vizcaya, 24257",835810838
94916773,Judith Torrent Atienza,"Urbanización de Buenaventura Ruiz 29, Huesca, 05801",075806044
84650442,Fabiana del Pinedo,"C. de Horacio Andreu 437 Puerta 4 , Santa Cruz de Tenerife, 12507",919448776
81614431,Pedro Conde Lumbreras,"Ronda de Jose Miguel Torres 88 Apt. 21 , Melilla, 18863",772533366
75708343,Plinio de Salas,"Via de Marco Bastida 3 Puerta 3 , Murcia, 04306",273078488
11344437,Hernán Garay Costa,"Vial Valentina Olmo 25, Madrid, 38169",196528996
19601868,Nuria Martin Poza,"Paseo de Rosalina Amigó 13, Zamora, 28889",158782166
61077368,Evita Salcedo Contreras,"Pasadizo de Seve Escamilla 91 Piso 8 , Valladolid, 16330",680051140
43851378,Odalis Amor Vara,"Alameda Adrián Escalona 501, Málaga, 45612",836916230
49259483,Nereida Cantón Prats,"Callejón de Pilar Sala 23 Apt. 51 , Guadalajara, 29573",666102385
53963905,América Baeza Higueras,"Urbanización Ezequiel Barbero 3, Guadalajara, 42181",985383756
34839044,Raquel Muro Bernal,"Glorieta Marisol Urrutia 456, Jaén, 29622",951663207
97065023,Eusebio Peláez Pacheco,"Calle Jacinto Mayo 676, Lleida, 27251",171066506
25751004,Coral Almagro Palma,"Urbanización de Paulina Boix 24, León, 31343",085355245
37445796,Victor Manuel Castillo,"Cañada Azahar Nieto 29 Piso 0 , Guipúzcoa, 44920",328395552
83978341,Teodora Santana Murillo,"Acceso de Omar Ferrández 91 Apt. 93 , Girona, 14014",541257666
72787695,Emilia Barral-Rey,"Ronda Chema Anguita 81, Palencia, 36830",145891937
85556303,Jose Carlos Fernandez Cabello,"Pasadizo de Sonia Fortuny 9, Teruel, 30087",005230076
22374799,Martirio Folch Campos,"Paseo Horacio Gual 79, Girona, 36511",522836903
78222916,Teófila Amor Valle,"Cuesta Anastasia Toledo 6 Puerta 1 , Álava, 49389",878471943
73268093,Adán del Portillo,"Ronda Emigdio Nevado 14 Apt. 86 , Córdoba, 03040",474171554
63931714,Carlito Lucena Mena,"Pasaje Gracia Tamarit 213 Puerta 6 , Burgos, 34933",128741069
59364540,Aurelia Moliner Lasa,"Plaza de Beatriz Marco 6, Ávila, 46878",191166464
61146912,Gerardo Cardona-Marcos,"Calle Leonor Moya 8 Piso 5 , Zamora, 30762",723831593
87175955,Alfonso Cerdá Escalona,"Plaza de Heliodoro Mariscal 77 Apt. 90 , Málaga, 42756",908609065
90602087,Nilda Villaverde Villegas,"Paseo Haroldo Sabater 61, Albacete, 38295",527240915
85127006,Amarilis Narváez Sanabria,"Alameda Sosimo Exposito 3 Apt. 26 , Huelva, 49542",194331407
70529821,Verónica Lloret Balaguer,"Cuesta Tadeo Galván 6 Puerta 9 , La Rioja, 32694",647702181
59926715,Herberto del Llano,"Calle de Ruth Méndez 87 Piso 7 , La Rioja, 32260",333470004
92024880,Damián Infante-Muñoz,"Callejón Nieves Sánchez 604, Jaén, 52059",719710094
51233244,Miguela Codina-Sierra,"Camino de Luisa Coloma 60 Piso 0 , Granada, 22466",155704735
59110818,Andrés Adadia Bru,"Urbanización Ruperta Catalá 21, Asturias, 05597",748732344
66978410,Francisca Uriarte Melero,"Calle de Odalys Elías 63 Apt. 35 , Pontevedra, 42688",934191321
60196380,Che Barrios-Miranda,"Via Pepe Ramírez 2, Granada, 24479",654045460
63307992,Juan Bautista Garcés Alvarez,"Avenida de Flavio Hidalgo 52, Huelva, 39788",091609144
21617696,Rita Cazorla Seguí,"Camino de Vinicio Pintor 973, Ciudad, 19457",402350057
75239377,Agustina Ochoa,"Glorieta Felicia Maza 10 Piso 1 , Santa Cruz de Tenerife, 26457",874040404
62176752,Berto Grau Millán,"Pasadizo Angélica Montero 26 Piso 1 , Córdoba, 27183",909157637
68273403,Lourdes Valenzuela Vilaplana,"Ronda de Julio César Cervera 29, Segovia, 25882",897633055
92680654,Ambrosio Querol Bravo,"Cuesta de Silvia Ayllón 741, Barcelona, 43731",460415422
97141239,Serafina Laguna,"C. de Tere Agudo 683 Puerta 2 , Ávila, 46905",153684788
85014384,Dafne Aliaga Pagès,"Ronda de Severino Alfonso 70 Piso 9 , Lleida, 32970",136764521
58602749,Reynaldo Oliver Almansa,"Cuesta Eusebia Pou 2 Piso 0 , Palencia, 01156",485844588
17450425,Gastón Lobato Montes,"Acceso Ani Cadenas 7, Guipúzcoa, 43701",343511671
42961304,Ceferino Gárate Valle,"Glorieta de Florinda Nicolau 1, Alicante, 24815",593817960
79605526,Clara Solera Angulo,"Plaza Adolfo Gálvez 8, Burgos, 43147",414406814
15984180,Cayetano Lucho Osuna Ríos,"Glorieta Jose Luis Baños 70, Girona, 30445",940680225
41558190,Apolonia Andreu Bernat,"Pasaje Graciana Castellanos 55 Apt. 69 , Córdoba, 12838",791545660
43281850,Cosme Jordá,"Rambla de Angelina Sabater 16 Piso 6 , Barcelona, 11624",462206870
66186914,Manu de Clavero,"Camino Amaro Sales 2 Puerta 2 , Palencia, 43750",102443305
37507022,Emilio Carnero Cuervo,"Pasadizo Isaac Zapata 393 Piso 0 , Lleida, 47150",580887732
21700207,Lope Goicoechea Calatayud,"Plaza de Iker Macias 54 Puerta 7 , Álava, 21225",192153160
17572345,Ángel Martín-Godoy,"Ronda Severiano Pizarro 58, Salamanca, 23138",173561597
49535143,Maximino Puga,"Avenida de Lorenzo Montserrat 40, Málaga, 35339",154396337
95039553,Candelario Castell-Pazos,"Plaza de Demetrio Sandoval 995 Apt. 59 , Las Palmas, 37751",967671044
79417748,Narciso Guzman Grande,"Rambla Montserrat Pérez 50, La Rioja, 14467",715358185
78926834,Carlito Robles Acevedo,"Acceso Marisol Martí 402, Lugo, 24818",021694208
87108685,Virgilio del Bayón,"Glorieta Tiburcio Ricart 55, Albacete, 23942",851177954
75868679,Ildefonso Vega,"Vial Florentina Porcel 7 Apt. 10 , Lugo, 21840",054470331
51883209,Tere Bermudez Cerdán,"Ronda de Abilio Perez 418 Apt. 08 , Alicante, 33065",823459634
33178155,Carlos de Urrutia,"Glorieta Albino Jiménez 68, Huesca, 26904",054407177
49907101,Rafaela Barragán Carnero,"Acceso de Azucena Amat 15, Vizcaya, 49489",864588405
37772321,Mohamed Gonzalez-Carbajo,"Glorieta de Tomasa Jover 26, Jaén, 25698",834480693
50856989,Francisca Collado Gil,"Glorieta Constanza Espada 870, Castellón, 35644",470709852
62560182,Alba Mancebo Uriarte,"Vial de Rita Peña 2, Ourense, 28834",916179394
87282652,Aránzazu Boada,"Glorieta de Cayetano Cabello 77, Asturias, 04169",778592332
52061715,Isaura Pinedo Palma,"Cañada de Alejandra Pagès 438 Apt. 79 , Guipúzcoa, 22049",972282559
36013083,Isaac del Mancebo,"Rambla Urbano Tena 65, Valladolid, 49258",280512502
26973602,Hilda Cárdenas-Hidalgo,"Pasadizo Adrián Álvarez 61, Palencia, 02354",236682912
28880365,Edelmiro Corominas,"Avenida Carla Cruz 97 Apt. 90 , La Rioja, 27785",606104754
21916576,Leonel Duran Somoza,"Avenida Benito Vilanova 6, Cantabria, 19155",283531409
34300020,Cristian Tamarit Daza,"Pasadizo de Purificación Romero 61 Puerta 6 , Ceuta, 30760",518357600
91731351,Yéssica Izaguirre Iborra,"Paseo de Jafet Anaya 16 Puerta 8 , Zaragoza, 22541",000677200
15475763,Elodia Vilar Mariscal,"Cuesta Elvira Manzano 6 Piso 6 , Ciudad, 25838",016314850
74339321,Rico de Manzano,"Cuesta de Reyes Ballesteros 108, Salamanca, 12151",212424735
63833610,Amaya Rius-Guillén,"Acceso Graciela Porta 1, Cádiz, 17081",548886557
72151499,Víctor Escudero,"Vial de Sara Mármol 2 Piso 9 , Cádiz, 49200",948695514
11771957,Calixta Pacheco Guerrero,"Pasaje Bartolomé Lasa 98, Jaén, 17670",103104516
76332361,César del Pereira,"Glorieta de Pánfilo Valera 61, Ceuta, 07461",896477983
84450161,Gerardo Abad Flores,"Urbanización Blas Becerra 43, La Rioja, 37890",685789878
22201115,Joaquín de Izaguirre,"Paseo Hernán Mariscal 9 Piso 3 , Tarragona, 42732",669618585
18163779,José Mayo Almagro,"Camino de Ovidio Zabaleta 165 Piso 7 , Valladolid, 25809",522087465
43094579,Ruy Feliu Camps,"Urbanización de Adolfo Gargallo 59 Piso 0 , Huelva, 07750",439405900
16399792,Marcos Jara Salvà,"C. de Bautista Plana 52, Almería, 46109",652364664
74508020,Belen Otero Casanova,"Rambla de Lucía Recio 49, Jaén, 02309",795727432
45298162,Abraham Villalonga Bueno,"Plaza Dafne Álamo 5, La Coruña, 31556",104096541
92937598,Celestino Benitez Olmedo,"Callejón de Evaristo Infante 29, Córdoba, 49654",458623856
68437999,Teo de Menendez,"Calle Ismael Nogueira 395 Apt. 23 , Guadalajara, 27608",432571857
92565620,Dionisio Abraham Tovar Palomo,"Paseo de Olimpia Boix 77 Puerta 0 , Lleida, 40093",443698052
21819517,Guiomar Coello Cornejo,"Alameda de Moisés Perea 85 Piso 7 , Sevilla, 32702",092450256
65890141,Dan Antúnez Navarrete,"Avenida Amando Bermejo 42 Puerta 7 , Guadalajara, 39189",491224468
39511090,Máximo Pombo-Serna,"Paseo Albino Prat 2, Valladolid, 43816",191069013
94076674,Custodia Montenegro,"Ronda Araceli Miguel 33, Guadalajara, 46709",969181660
39547940,Casemiro Moles-Cañete,"Plaza Chucho Berrocal 3, Ceuta, 47154",618067313
76193053,Plinio Larrea Rebollo,"Calle de Teófila Cabello 35, Burgos, 44759",452371061
72616544,Saturnino Becerra Solera,"Alameda Balduino Otero 66 Puerta 5 , Segovia, 24820",105764445
60348377,Piedad del Solano,"Cañada de Sofía Miranda 35 Piso 0 , Álava, 49881",381221239
36046041,Guiomar Ochoa Roselló,"Rambla Joaquina Mena 8 Puerta 3 , Soria, 05926",604501759
76255545,Consuela Almeida Calderón,"Glorieta Paula Pereira 43, León, 40322",232951802
63109090,Eulalia de Hernandez,"Calle de Celso Múgica 55 Apt. 81 , Teruel, 12605",405212286
11570231,Eliseo de Ocaña,"Plaza de Arturo Ródenas 50, Ceuta, 40703",153650019
89608579,Asunción Arana Diez,"C. de Fidela Macías 24 Apt. 21 , Cádiz, 26649",329784446
61503401,Rufina Gibert Acuña,"Rambla Jimena Abellán 7, Alicante, 13418",054773766
12846889,Victoriano Sanz Jurado,"Vial de Rufino Espinosa 56 Puerta 2 , La Coruña, 26727",268910119
53444701,Natalia Pardo Sanmartín,"C. Chema Pareja 78 Apt. 47 , Lleida, 49662",156383973
44369967,Socorro Losa Múgica,"Ronda de Priscila Sierra 418 Piso 6 , Alicante, 28806",167569406
85144557,Sigfrido Rey González,"Ronda Jordi Molina 126 Puerta 6 , Lugo, 08918",284034566
74045424,Eulalia Jaume Matas,"Camino de Narciso Tirado 6, Palencia, 06516",294700189
81438242,Celestino Jordán,"Alameda de Marcio López 42 Apt. 28 , Burgos, 27859",843522113
48328304,Flavio Valcárcel-Guillen,"Pasadizo Lidia Valdés 46 Puerta 1 , Valladolid, 38013",620436338
59003761,Carolina Cases,"Glorieta Maxi Godoy 17 Piso 6 , Asturias, 30415",786640558
47337290,Cipriano Mendizábal Viana,"Pasadizo Raúl Reina 90 Puerta 6 , Murcia, 30733",555186505
64515324,Juliana Tovar Mancebo,"Vial de Macarena Pinilla 93, Tarragona, 35090",124959976
52889125,Pascuala Mateo Molina,"Calle de Rosalía Barreda 106, Valladolid, 46904",062432338
61448387,Nazaret Rico Ríos,"Ronda de Natalia Aranda 7, Soria, 16087",532820264
70893317,Delia del Blasco,"Camino de Máximo Martín 9, La Coruña, 40644",792718812
10548657,Morena González Trillo,"Pasaje Javier Cañete 1 Apt. 67 , Baleares, 44308",391075905
65450268,Eva Barragán Calvet,"Pasaje Benjamín Adadia 82, Guipúzcoa, 42032",167440341
60582142,Celestina Suárez-Castellanos,"Cuesta Viviana Guerra 32 Apt. 59 , Murcia, 08677",263266440
49556569,Román Reina Mendizábal,"Avenida de Marisol Guzmán 63, Baleares, 41515",541012712
42284351,Marcia Castro Correa,"Vial de Cecilio Cabezas 52, Teruel, 16885",392907847
34450582,Tomasa Amor Casares Herrera,"Callejón Chelo Ferrer 598, Cáceres, 31528",753038266
26285715,Leopoldo Cándido Lopez Heredia,"Pasadizo de Abril Iriarte 577, Cantabria, 02745",098489702
74953745,Trinidad Danilo Roda Duran,"Acceso de Nazaret Pedro 66 Piso 7 , Barcelona, 11908",146232442
14531380,Samu Sabater Aparicio,"Glorieta de Nidia Gordillo 18, Sevilla, 22699",451012208
26039845,Eloísa Escrivá Sevillano,"Cañada de Eladio Castell 2, Sevilla, 49324",795594220
60500647,África Guijarro Becerra,"Camino Adriana Revilla 9 Puerta 0 , León, 03556",891999844
74159471,Aurora Domínguez Dávila,"C. Serafina Asenjo 28 Apt. 93 , Barcelona, 36984",504524128
59410413,Loreto Losada Aramburu,"Pasadizo de Calixta Bayo 67, Granada, 23673",776092061
55913398,Mateo Méndez Sanmiguel,"Acceso Teodosio Alcázar 54 Apt. 62 , Álava, 51425",765963445
98455900,Felicidad Yáñez Pereira,"Via Zaida Carpio 3, Barcelona, 26960",275015607
83600901,Eugenio de Antón,"C. Griselda Marí 950 Apt. 41 , Cantabria, 03817",275294728
65150352,Isidro Castelló Ariza,"Urbanización de Adora Gárate 15, Sevilla, 06000",049461486
53078473,Gerardo Badía Murillo,"Cañada de Bienvenida Rueda 8, Madrid, 32739",888087444
49930308,Adora Ramos-Alba,"Calle de Aurelio Andrade 45 Piso 5 , Castellón, 12974",750883170
35501652,Cintia Redondo Font,"Camino de Roque Larrañaga 80, Valencia, 22802",583817604
93523471,Bernabé Uriarte Noriega,"Vial Evita Higueras 42 Puerta 2 , Madrid, 15924",185997207
42869962,María José Arévalo Barrios,"Pasaje Nieves Maestre 93 Apt. 58 , Granada, 46370",222322213
90241564,Jose Angel Elorza Serna,"Urbanización María Cristina Cuevas 1 Puerta 4 , Córdoba, 07738",174970375
14499220,Ariel Andres Carrión,"Ronda Mercedes Mata 86 Piso 5 , Barcelona, 37893",143002165
44948514,Jacinto Cózar Carrera,"C. Cebrián Bolaños 528, Córdoba, 31902",804601529
97094024,Juan Carlos Mancebo-Salinas,"Cuesta de Elisabet Ordóñez 57 Piso 2 , Soria, 19650",688190538
90355250,Feliciana de Sureda,"Ronda de Sara Zorrilla 8, Castellón, 35465",219612354
56007703,Teo Olivé Acosta,"Alameda de Fito Guitart 97, Soria, 13163",378505700
78988602,Ofelia Lorenza Castañeda Tudela,"Paseo Pepita Escalona 80 Piso 3 , Santa Cruz de Tenerife, 49821",410082533
83563496,Fanny Bejarano Albero,"Rambla de Anunciación Azorin 1 Piso 8 , Soria, 38626",898380761
80046979,Manolo Velázquez Calvet,"Camino de Genoveva Cabanillas 92, Huesca, 21286",442393790
79256690,Celia Herrero Catalán,"Vial Fidela Pereira 44, Las Palmas, 40602",657223088
90547088,Toño de Marí,"Pasaje Dora Iglesia 530 Puerta 9 , Lleida, 41901",810929308
73467249,Dimas Quero,"Avenida de Artemio Cerdá 72, Lugo, 14079",581076963
50693271,Matilde Pont,"Via de Delia Valderrama 387 Puerta 7 , Cuenca, 15341",145330685
46952433,Esther Nicolau Acero,"Pasaje de Demetrio Donaire 597 Piso 9 , Alicante, 42131",830664638
89022514,Domitila Amorós,"Via Calista Mariscal 449, Lleida, 07800",963233662
29845201,Charo Llorens Perales,"Vial de Maura Sáez 52 Piso 9 , Ávila, 32490",741483789
83680922,Pilar Carpio Garriga,"Via Azahara Benavides 63 Puerta 2 , Segovia, 11007",950383410
12063108,Maura Arellano Raya,"Cuesta Delfina Verdugo 1 Piso 6 , Melilla, 41682",047284595
84660285,Celestina Marquez Rebollo,"Via Griselda Riquelme 22, Cádiz, 37719",114853029
64894765,Nilo Ulises Morante Hernandez,"Calle de Nicodemo Calderón 428, Ávila, 11749",799335507
44884765,Natalia Rosalina Robledo Marquez,"Rambla Tadeo Julián 701, Valencia, 08017",833939450
58059627,María Ángeles Niño Barrera,"Callejón Genoveva Borrego 71 Puerta 3 , Burgos, 14669",613229845
82698762,Macaria Casado Arcos,"Vial Ámbar Oliva 14 Piso 6 , Cuenca, 27345",803547363
98410336,Elisa Puga Fonseca,"Plaza de Andrea Guardia 934, Cáceres, 15176",263184792
28557965,Alfredo Jurado Alfaro,"Avenida de Filomena Vidal 91 Apt. 49 , Ourense, 14616",902664583
54968776,Seve de Bilbao,"Ronda de Rodolfo Varela 399, Barcelona, 31380",759337183
14824106,Ciro Benítez Barragán,"Pasadizo Heriberto Puga 25, Cantabria, 49210",532912201
69485651,Armando Borja Perales,"Urbanización Paco Landa 42 Apt. 52 , Badajoz, 39528",259571515
17005856,Francisco Jose Fuentes Molina,"Callejón Celia Márquez 30, Badajoz, 14517",009926133
51679149,Arsenio de Quintero,"Camino de Máxima Amigó 2 Puerta 7 , Salamanca, 39996",530831056
28759454,Domitila Enríquez Martín,"Glorieta Marita Sáez 658, Pontevedra, 33402",567907692
93565261,Olegario de Valenciano,"Calle de Vinicio Simó 180 Puerta 1 , Guipúzcoa, 41752",007041542
17081682,Juan Bautista Azorin Huerta,"Vial de Quique Salgado 98 Piso 5 , Burgos, 14361",272905986
11069409,Ruth Farré González,"Ronda Jimena Mariño 304, Zamora, 21333",091351469
67845768,Anunciación Báez Marco,"Vial Nilo Roca 41, Zamora, 32998",267022606
51157717,Onofre de Barba,"Camino Florencio Ramírez 94, La Coruña, 35892",575999231
50219380,Rodrigo Gascón,"Calle de Cándida Valentín 7, Guipúzcoa, 49353",841656408
77222322,Emilia Lladó Mena,"Alameda de Haroldo Busquets 66 Apt. 30 , Barcelona, 28595",137938160
68304328,Nazario Sureda Pinto,"Acceso de Nico Pujadas 327 Puerta 7 , Cantabria, 34168",799327857
30487915,Ciríaco Saavedra,"Rambla de María José Sotelo 57 Piso 0 , Castellón, 04916",073285581
79086954,Amor Amílcar Estévez Torrecilla,"Callejón de Begoña Cabello 46, Madrid, 10817",038213243
99635571,Erasmo Galán Cerdán,"Vial Cebrián Ayala 301, Asturias, 31225",341910908
17368623,Adora Nogués Portero,"Avenida de Borja Cortes 8 Piso 3 , Asturias, 48574",727867409
61924897,Samu Borrás Cobos,"Pasadizo Valentina Mancebo 55, Toledo, 44109",852146134
42488045,Duilio Alvarado Estevez,"Glorieta de Mónica Jiménez 2 Puerta 6 , Huelva, 12384",164941900
87271972,Olga Arnau Martín,"Alameda de Jacinta Vizcaíno 2, Soria, 46465",942491858
58314090,Virginia Jaume Blazquez,"Acceso Susana Jordá 52, Almería, 09813",680928404
11803428,Ruperto de Mayo,"Calle de Juanito Vega 4 Apt. 86 , Ávila, 41056",234968287
39374012,Adrián Naranjo Gutiérrez,"Camino de Flavia Luna 12 Piso 2 , Ourense, 49639",492818420
23131030,Bárbara Campos-Millán,"Glorieta de Manuelita Sánchez 92, Ourense, 08480",613995946
71231870,Rosalina Ugarte Grande,"Vial de Timoteo Vargas 67, Valencia, 01624",414879890
28747298,Tamara Villa Gallo,"Callejón de Flor Torres 8 Puerta 0 , Las Palmas, 08330",491781729
29604860,Azahara Barco Barbero,"Paseo de Fito Torres 72 Piso 5 , Albacete, 08023",654046859
41805418,Marc Arce Rocha,"Calle de Ana Belén Jover 19, Cantabria, 41915",909122521
49313875,Eleuterio Castells Planas,"Vial de Emigdio Gascón 966 Puerta 2 , Vizcaya, 25939",920469498
56099592,Rosenda Encarnita Redondo Río,"Cañada Fulgencio Aguado 35, La Rioja, 22818",308432070
78975554,Paca Ferrández Tomas,"C. de Marianela Mesa 2, Teruel, 21861",214223629
11212237,Malena Muro Benavent,"Pasadizo Maximiano Tovar 63, Baleares, 26279",272028773
90758032,María Belén Aliaga Aller,"Urbanización de Ángel Ferrero 75 Apt. 81 , Vizcaya, 01882",200994008
77397050,Zaira Primitiva Linares Pagès,"Plaza de Salud Lago 91 Apt. 72 , Murcia, 41760",429498925
99603435,Eutimio Alcázar Reyes,"Glorieta de Kike Rocamora 6, Las Palmas, 23126",037707058
28672487,Vera Español Gras,"Camino Pastor Belda 595, Santa Cruz de Tenerife, 51386",317312688
86886898,Paola Bauzà Blazquez,"Cañada Gastón Ávila 66 Puerta 2 , Cuenca, 37932",400741693
21053787,Nieves del Aguirre,"Cuesta de Danilo Pagès 15 Apt. 37 , Guipúzcoa, 12171",499928203
97378478,Elías Villalonga,"Vial Encarnación Aragón 15 Puerta 4 , Castellón, 20663",152825846
32319837,Luis Ángel Planas Manjón,"Calle de Clímaco Tirado 437, Girona, 22102",247450098
49833953,Miriam Aparicio-Hernández,"Vial de Asdrubal Piquer 984, Granada, 50444",248382374
17373712,Lucila de Terrón,"C. de Ana Simó 3, Girona, 30834",562236608
57114340,Luna Sola Antúnez,"C. de Ildefonso Sala 18 Apt. 13 , Baleares, 47583",139101216
10188225,Luis Miguel Ruiz Marín,"Vial de Carla Toro 25, Castellón, 28208",837988351
37922034,Nerea Ibañez Garrido,"Pasadizo de Juliana Leal 9 Apt. 56 , Toledo, 39998",510700870
80798675,Modesta de Narváez,"Rambla Rosa Llabrés 55 Puerta 2 , Las Palmas, 27753",160818826
75030466,Imelda Plaza Amores,"Urbanización de Jacinto Neira 58, Burgos, 44946",221281667
63281195,Yaiza Redondo,"Via Artemio Riba 75, Zamora, 23560",003023808
73829110,Álvaro de Requena,"C. Ruy Viana 17, Murcia, 51179",923248620
42494542,Rafael Reig,"Plaza de Enrique Paniagua 2, Madrid, 15767",723398270
36729564,Galo Vallés-Dalmau,"Rambla Máximo Espinosa 43, Las Palmas, 48058",823612497
28039781,Carlota de Aguirre,"Acceso Timoteo Borrego 615, Cáceres, 39500",444177018
20381732,Osvaldo Gálvez,"Avenida de Quique Borrego 4 Apt. 20 , Castellón, 48869",438476971
25647341,América Gallego Salvador,"Paseo de Geraldo Aliaga 44, Cáceres, 05785",025311186
87450518,Brígida Gelabert Anaya,"Ronda Juan José Arias 67 Piso 6 , Huelva, 21671",291630896
37900298,Adelina Calzada-Iglesia,"Calle de Nilo Amador 19 Puerta 4 , Asturias, 28119",986607435
93262839,Juanita Javiera Fabregat Martín,"Via Judith Vilar 340, Córdoba, 02785",788679361
65150614,María Dolores Pinto,"Cuesta de Elpidio Manrique 7 Piso 1 , Navarra, 18127",666564846
91561373,Juan Carlos Calderón Tenorio,"Paseo Jessica Llamas 86 Apt. 54 , Segovia, 29486",114461764
33702717,Alejo Peiró Bastida,"Avenida Magdalena Río 759 Piso 9 , Álava, 13311",298859109
32327782,Jacobo Tapia Espada,"Pasaje de Epifanio Llanos 31 Puerta 6 , Baleares, 47311",989380655
13846295,Gabriela Lloret Palomino,"C. de Patricia Martín 16, León, 19009",517026376
62222782,Graciano Miranda-Tejedor,"Plaza Delia Mur 75 Apt. 25 , Sevilla, 11806",863890389
36015176,Aura Bravo Pallarès,"Avenida Casandra Valenzuela 9, Lugo, 27496",305764074
80010753,Cosme Salinas Saura,"Vial de Javiera Moreno 69, Segovia, 36120",523433025
55249314,Cristian Alfonso Cabezas,"Via Desiderio Sastre 12, Baleares, 33352",248160785
61006987,Cayetano Solana Mendizábal,"Avenida de Abel Ortuño 48 Piso 8 , Ciudad, 15882",758435824
86647237,Onofre Campillo Carbonell,"Urbanización de Emiliana Agullo 5, Vizcaya, 43457",195143685
41618922,Gil Terrón Pozuelo,"Camino Claudia Vallejo 66 Puerta 4 , Ourense, 45116",347858557
23731142,Conrado Pou,"Plaza Luciano Torrents 8 Piso 4 , Guadalajara, 34967",925482248
72051132,Édgar Acero,"Urbanización Reyna Carbó 66 Puerta 5 , Cantabria, 30054",670068835
19873967,Maite Rosselló Alegre,"Cuesta Miguel Ángel Pablo 9, Las Palmas, 48593",206038229
52691312,Rosenda Nebot Ayllón,"Pasadizo de Tere Solís 48 Apt. 04 , Segovia, 29838",636924733
12191752,Mohamed Garzón Arcos,"Rambla Bienvenida Tamayo 725 Piso 3 , Cádiz, 49266",807373029
67020312,Lilia Capdevila Berenguer,"Alameda de Gala Gutierrez 22, Almería, 19957",176547720
33780991,Dorita Salmerón Romeu,"Calle de Eli Nieto 92, La Rioja, 50490",903521103
23402104,Lorenzo Ferreras Bauzà,"Cuesta de Itziar Vidal 9, Granada, 47729",963047425
76889987,Rosaura Aparicio Palomar,"Rambla María Fernanda Lucena 20, Tarragona, 41190",152607390
27428987,Mariana Perelló Yuste,"Via Xavier Perelló 111 Puerta 6 , La Coruña, 28607",596465967
60748279,Griselda González Tur,"Ronda de Chita Trujillo 60, Burgos, 03089",205855527
35916206,Rolando Felipe Morán Macías,"Glorieta Yéssica Crespi 6, Albacete, 31911",561410395
18977049,Esteban Pina Almazán,"Via Rosalía García 77 Apt. 68 , Ávila, 40226",093884348
16918519,Candelario Abad Martín,"Acceso Olegario Patiño 92 Piso 1 , Córdoba, 04149",487239442
19976973,Román Ramirez Riera,"Ronda Mirta Morera 4 Piso 5 , Palencia, 05956",199644912
59729982,Victor Ariza Bautista,"Calle Domingo Fuente 97 Puerta 7 , Ávila, 43015",115634833
31328289,Tecla Sedano Rozas,"Alameda de Jose Ignacio Talavera 7 Puerta 2 , Álava, 39332",522017499
33961044,Eutimio Sosa Berrocal,"Via Lucio Tejada 86, Ourense, 26916",795782540
57116666,Ambrosio Castells Perea,"Cañada Guillermo Moreno 3 Apt. 06 , Valladolid, 22287",615526650
81537922,Miguel Ros Arévalo,"Pasadizo de Marta Garay 668, Toledo, 51186",562291302
23157587,Raúl Pizarro Duque,"Cañada Melisa Pedraza 9 Apt. 57 , Las Palmas, 01886",867793498
98333278,Sofía Jordana Serna Diaz,"Glorieta Lucio Amo 50, Huesca, 18978",832224535
23183813,Marciano Guitart,"Via de Félix Tormo 264, Huesca, 24294",453038179
26147281,Julieta Quesada Cadenas,"Pasadizo Jesusa Murillo 95 Puerta 0 , Burgos, 27326",903341081
17785560,Rogelio Marin Bautista,"Acceso Miriam Olmo 49 Piso 8 , Lleida, 06214",255430640
50526154,Alma Anna Pujol Ferrer,"Alameda Ricarda Landa 4 Piso 9 , Albacete, 42208",256858216
14416315,Áurea Leal Portero,"Callejón Goyo Bautista 6, Huesca, 33619",738756465
67248417,Vinicio Vélez Armengol,"Camino Violeta Lumbreras 67 Piso 6 , Ciudad, 03134",707068694
14119136,Begoña Giménez Canals,"Pasadizo Sabina Pagès 49 Apt. 34 , Ciudad, 11066",450352620
93187100,Luna Barral Aguirre,"Urbanización Samanta Escrivá 9, Málaga, 08849",103108856
10340767,Fidel Castells-Leal,"Ronda Emma Lillo 686, Teruel, 22145",587991900
17044701,Víctor Enríquez Raya,"Cañada de Nazaret Nicolau 3 Piso 3 , Málaga, 27398",373147904
97165563,Gabriela Prat Linares,"Avenida de Delfina Navarrete 57 Piso 2 , Soria, 33021",982021312
91482641,Rosa Clemente Ochoa,"Via Jose Luis Hoyos 638 Puerta 6 , Tarragona, 04836",659334872
97604706,Nicolasa Mir-Ordóñez,"Alameda de Haydée Olivera 56 Puerta 6 , Jaén, 14669",067475602
25482438,Encarnita Salvà Pinto,"Acceso Reyes Cáceres 17 Puerta 8 , Asturias, 29676",805315224
20357928,Pili Cano,"Urbanización Abel Guitart 639, Cáceres, 42994",388451222
75282397,Javier Grande Baena,"Ronda de Néstor Zapata 25 Apt. 83 , Ciudad, 17085",757819573
41710761,Renata de Estrada,"Camino Olga Fuertes 135, Valladolid, 51654",701408423
37053618,Bautista Bustos Núñez,"Ronda de Graciana Gibert 6, Madrid, 14132",054594002
46723647,Claudio Jerez Martí,"Camino Francisco Javier Cañizares 63 Piso 5 , Zaragoza, 43528",473573592
25100770,Elpidio Arenas Cuervo,"Rambla Geraldo Díaz 43, Sevilla, 02954",744109828
73185323,Ángela Goñi Ocaña,"Pasaje Esperanza Alcolea 91 Apt. 32 , Albacete, 51949",991482359
51715768,Crescencia Gomis-Alfonso,"Cuesta de Angelina Villena 17 Apt. 91 , Pontevedra, 23768",918298262
95982543,Sebastián Jódar Soler,"Cuesta Belen Salinas 1, Barcelona, 16640",046255767
80641414,Ruben Maza Rey,"C. Martin Soriano 38 Puerta 2 , Lleida, 31101",933855352
36593739,Baltasar Folch Mesa,"Avenida de Rodrigo Molina 567 Apt. 10 , Málaga, 20470",329219746
87367875,Marianela Feliciana Porcel Franco,"Plaza de Yago Prada 85, Badajoz, 13213",507205306
88451024,Lorenzo Estrada-Parra,"Ronda Saturnina Carretero 1, Santa Cruz de Tenerife, 34246",412032388
75799065,Benita Violeta Caro Galván,"Pasaje de Liliana Escobar 44, Ávila, 30198",985761590
20050839,Lucía Leal,"Alameda Calixta Raya 788 Apt. 89 , Soria, 12141",360430781
66991519,Olga del Castilla,"Paseo Ceferino Losada 912 Piso 7 , Asturias, 42732",940267069
17996587,Mariano Baños Casal,"Cuesta de Fátima Bárcena 86 Puerta 0 , Ciudad, 25598",774278311
32286838,Eleuterio del Valverde,"Calle Yago Lozano 7 Apt. 22 , Asturias, 49304",699097254
52284864,Marianela Rosa María Casals Adadia,"Via Olegario Gimeno 6, Badajoz, 36393",477010135
34631660,Martina Pelayo Atienza,"Urbanización de Nerea Serrano 79 Puerta 7 , Segovia, 10284",445603626
46329205,Goyo del Huguet,"Urbanización Martin Marí 2 Piso 1 , Cádiz, 50645",188343950
70982206,Manolo de Fuertes,"Cuesta de Valentín Méndez 82 Puerta 2 , Palencia, 28241",713812503
61154982,María Del Carmen Consuela Fabra Fuertes,"Ronda de Josefa Cañas 72, Toledo, 43339",888130640
20933405,Julián Villalba Frías,"Pasaje Azucena Carballo 64, Santa Cruz de Tenerife, 03970",292218308
31570697,Dalila Carbó-Morillo,"Urbanización Ramiro Bas 72, Zaragoza, 02081",767298607
71071153,Desiderio Ibañez Izquierdo,"Plaza Teresa Blazquez 2 Apt. 86 , Huelva, 51966",333365261
52340140,Berto Aarón Fernandez Simó,"C. Guiomar Salom 5, Alicante, 41836",855911922
57090692,Inocencio Casanova Chamorro,"Callejón Rico Frutos 11 Apt. 72 , Cantabria, 38335",681411614
81949331,Isabel Sanmiguel-Arregui,"Paseo de Nicodemo Dueñas 14, Guadalajara, 24373",433000006
46075419,Josep Luz Cuesta,"Plaza de Francisco Jose Clemente 94, La Coruña, 07457",148917614
22968319,Iker Pino-Cerezo,"Avenida Cruz Hierro 63, Burgos, 47446",225382644
42447803,Noé Diaz Criado,"Calle de Nerea Gras 89 Piso 8 , Cádiz, 11366",750412893
18662169,Mamen Alfaro-Vera,"Cuesta de Sabas Somoza 17, Zaragoza, 42467",589991282
56133668,Zoraida Albero Monreal,"Pasaje Félix Mendizábal 7 Apt. 26 , Vizcaya, 21482",652397858
75113094,Amando Perez Canales,"Cañada de Paulino Uriarte 65, Pontevedra, 24173",140648987
61864796,Santiago Murillo Pozuelo,"Rambla Micaela Coloma 83 Puerta 6 , La Rioja, 24144",909045073
87068829,Narciso Quevedo Calatayud,"Cuesta Chuy Neira 694, Madrid, 31295",111054367
95445874,Edmundo Cecilio Robledo Hoz,"Rambla de Cecilia Sedano 1 Apt. 64 , Toledo, 38872",234328796
74043773,Pascuala Escolano Sancho,"Plaza Amada Franco 9, Madrid, 44605",076276405
32818259,Diego Barberá Gascón,"Urbanización de Vidal Vera 47 Apt. 63 , Almería, 21351",101548638
32493466,Esther Vendrell-Cerdá,"Acceso Marcelino Bilbao 64 Apt. 81 , Ciudad, 02094",069969488
66503192,Asdrubal Escribano Alfaro,"Ronda Matías Chamorro 1, Las Palmas, 18819",556241672
21041046,Bernardita Landa Verdugo,"Pasadizo de Sabina Lastra 56 Piso 8 , Melilla, 16828",998338688
88164391,Xavier Sáez,"Glorieta de Gabriela Gordillo 57, Las Palmas, 11300",230531875
35530089,Leocadio Bautista Castelló Pagès,"Ronda Danilo Mateu 2 Piso 8 , Toledo, 38669",700854613
82936309,Amanda de Diaz,"Rambla de Gustavo Lluch 22 Piso 6 , Huelva, 29548",330988416
87449300,Isidro del Bou,"Camino de Trini España 86 Puerta 3 , Zaragoza, 32620",485961205
95688809,Carmela Cristina Aragón Méndez,"Pasaje Susana Pineda 74, Sevilla, 23541",743092204
41762952,Pelayo Guerrero Ramis,"C. Maximiano Nadal 23 Piso 2 , Palencia, 16069",927175993
53630164,Prudencio Palomar Fajardo,"C. de Eva María Aramburu 11, Las Palmas, 02448",276550271
93562550,Tere Ríos Cordero,"Urbanización Teresa Samper 785, Madrid, 36072",954294089
59962529,Griselda Pizarro,"C. de Fulgencio Llopis 71, Cuenca, 38512",607824290
62747490,Blas Mulet Canales,"Glorieta de Cayetano Oliva 55 Puerta 9 , Huesca, 46100",704065398
43991007,Pili Priscila Atienza Urrutia,"Callejón Federico Arteaga 676 Puerta 7 , Murcia, 48513",175733699
13824292,Mohamed Aguilera Pont,"Cañada de Graciela Expósito 6 Apt. 34 , Cáceres, 06434",243519657
23289333,Luis Arco Rosales,"Avenida Vito Villa 38, Salamanca, 35605",067788515
25432474,Azeneth Tomé Arenas,"Rambla Haroldo Segarra 5 Apt. 84 , Cáceres, 19247",288370346
15442202,Matilde Coello Ayala,"Cañada Cosme Gomez 77 Puerta 2 , Segovia, 39275",602497647
44894349,Fermín Crespo Giner,"Alameda de Aristides Torre 630 Piso 6 , Baleares, 48861",197882861
41402577,Elisabet Coca Rivero,"Vial Micaela Martinez 33 Puerta 1 , Ourense, 48994",758462156
88722805,Natividad Figueras Trujillo,"Avenida Tere Godoy 74 Apt. 39 , Las Palmas, 33071",004778257
30819121,Adolfo Sosa Segarra,"Plaza Juan Amor 9, Ciudad, 01138",267319576
49911930,Ceferino Gonzalo Taboada Mena,"Alameda Poncio Céspedes 13 Piso 1 , Asturias, 44559",569484982
92638394,Valentina Cobos Alberdi,"Rambla Corona Madrigal 241, Granada, 44005",996694913
10705874,Virgilio Arnal Ramirez,"Pasaje Nadia Quevedo 62, Pontevedra, 05330",110375558
24602148,Anita Martin Sotelo,"Cañada Saturnina Ariño 73, Valencia, 05854",760279712
94001477,Íñigo Barranco Estévez,"Glorieta Xavier Porras 396 Puerta 7 , Palencia, 26250",709755178
81020487,Sofía Marina Melero Rojas,"Pasaje de Bernardo Alemán 16, Guipúzcoa, 12263",578550367
29477722,Nydia Guillen-Talavera,"Paseo Eric Sanabria 92, Asturias, 35133",647243089
41216027,Rafaela Pera,"Camino de Norberto Espejo 43 Apt. 68 , Granada, 10765",461766530
30236369,Loreto Aliaga Escobar,"Rambla de Evaristo Hierro 844, Salamanca, 27331",772076329
21825280,Teodosio Ramirez,"Urbanización Augusto Esteve 59 Piso 8 , Cádiz, 33619",413537353
39201000,Dan Caro Puga,"Avenida Leyre Bernad 95, Ceuta, 03953",798632980
59828371,Rogelio Iker Morera Cal,"Vial de Leticia Alvarado 65 Piso 4 , Lugo, 12239",628119321
78827620,Sosimo Moliner Baeza,"Callejón de Armida Téllez 9, Córdoba, 02069",975542020
93697170,Mohamed Alba Santos,"Pasadizo de Alonso Baeza 1 Piso 1 , Palencia, 24387",603555295
98534483,Vicente Buendía Blanca,"Acceso Basilio Portillo 7 Puerta 3 , Cuenca, 01675",568375997
53161034,Odalis Tirado Roselló,"Paseo Máxima Palacios 726 Piso 9 , Lugo, 39005",815639281
33954080,Carmina Escobar-Miguel,"Ronda de Reyna Taboada 14, Cáceres, 37550",332093661
97068230,Maxi Carbó Santos,"Urbanización Evaristo Contreras 26, Ávila, 09593",533956834
93727760,Saturnina Perla Marín Casanova,"Cañada de Fabricio Lara 29 Apt. 27 , Lleida, 33180",168505783
65052127,Alexandra Bello-Barberá,"Ronda de Heriberto Duran 307 Apt. 24 , Valencia, 23237",375510037
88671687,Patricio Prieto,"Vial Palmira Gutierrez 29, Segovia, 32877",208477659
54050817,Aurora Encarnacion Serrano Solsona,"Ronda de Paula Cases 90, Almería, 10464",473959046
21018655,Gisela Gimenez Marco,"Glorieta Dulce Muro 80 Apt. 61 , Murcia, 29958",582970413
71274633,Natanael del Amigó,"Rambla de Teobaldo Morera 84 Apt. 41 , Álava, 26159",153420073
80157379,Eulalia de Gálvez,"Urbanización Marianela Calderón 53, Málaga, 44483",009627773
94314990,Gervasio de Bejarano,"Glorieta de Corona Mora 73 Piso 9 , Sevilla, 26192",948932444
86203114,Inés Tomé Fiol,"C. de Montserrat Lobato 66, La Rioja, 07427",016179665
56468362,Asunción Baró Aguado,"Acceso Encarnación Bellido 15, Ceuta, 10940",215248616
11251132,Alicia Hurtado Benavides,"Callejón Ruth Roca 2 Piso 1 , Teruel, 23930",740799942
81672721,Eugenio Plana Cañizares,"Pasaje de Francisca Conde 19, Lleida, 45776",430583528
17741663,Bienvenida Verdugo Corominas,"Via Rodolfo Pazos 4, Pontevedra, 01568",810124727
31784863,Carlota de Vargas,"Rambla Miguela Acedo 36, Girona, 43633",867849500
27190065,Lupe Espinosa Villar,"Cuesta de Gerardo Almagro 80 Apt. 39 , Valencia, 23137",482797927
89912782,Rosalva Narváez Macias,"Glorieta Gertrudis Diaz 53 Puerta 8 , Teruel, 31400",478635793
24239947,Rodrigo Bou Hoz,"Pasaje Magdalena Bauzà 33, Guipúzcoa, 29928",896804574
35156117,Eligia Miguel Esparza,"Acceso de Teresa Arranz 127, Lugo, 51549",210204241
85365458,Isabel Fanny Adadia Plaza,"Cuesta Juan Carlos Arias 60, Las Palmas, 23489",079023434
42495201,Tiburcio Escudero Molins,"Pasaje Cesar Castellanos 27 Puerta 8 , Las Palmas, 16869",575923090
30585455,Carlos Cuevas Lago,"Via Matías Planas 22 Piso 2 , Córdoba, 12389",154419170
37191089,Camila Sureda Chamorro,"Rambla de Pastor Cuevas 88 Puerta 6 , Málaga, 01940",969258833
31501056,Trinidad Calderon Cabrero,"Calle de Yaiza Romeu 889 Puerta 8 , Melilla, 20764",879306521
71543827,Cristian Yáñez Berrocal,"Paseo de Cristóbal Casado 76 Apt. 81 , Ourense, 32334",219291868
22874285,Telmo Bayona Paniagua,"Pasaje Florinda Cabo 7, Málaga, 32559",496253855
45592878,Fortunato Torrecilla-Barrera,"Plaza Eva Gallardo 34 Apt. 62 , La Coruña, 39154",347984795
89876512,Alma Bellido,"Camino de Cebrián Vallés 370, Huelva, 28633",284125456
34595608,Felicia Hervás Diaz,"Via de Hilda Feliu 65 Apt. 31 , Navarra, 20211",971521705
26370864,Osvaldo Varela Pizarro,"Paseo Odalys Pereira 41, Las Palmas, 01072",503296014
11688134,Chucho de Melero,"Cañada de Ester Baquero 781 Puerta 7 , La Coruña, 02278",613349108
59752804,Pánfilo Molina Viña,"Calle de Eleuterio Bilbao 36, Segovia, 06331",545322671
19195238,Marcela Niño Agullo,"Glorieta Maristela Prado 87 Apt. 86 , Burgos, 47680",985191169
63398295,Isaías Vicente Puig,"Vial de Martina Galán 2, Navarra, 14584",255258599
87858956,Rufino Peñalver Ibáñez,"Calle Adriana Saura 674, Ceuta, 18034",714184969
57440483,Maricruz Cáceres Barberá,"C. Evangelina Casal 74, Cádiz, 46405",890504136
63577215,Máxima del Sobrino,"Calle de Noa Marcos 47, Teruel, 14479",882837181
71581688,Salud Montserrat Capdevila,"Callejón de Alonso Estrada 4, Córdoba, 36007",349883913
46852022,Rufino Villa Pedro,"Camino Sofía Barbero 21, Álava, 30143",017976304
37087421,Noé Bayón Dueñas,"Callejón Raimundo Busquets 23 Apt. 51 , Álava, 25842",370950508
23752407,Bernabé Aznar Merino,"Cañada Ainoa Fábregas 407 Apt. 18 , Almería, 31364",608323915
12399508,Ligia Iñiguez Calderón,"Pasadizo de Juana Bernat 51, Las Palmas, 45653",449624709
51054549,Cayetano Hoz Torrecilla,"Alameda de Demetrio Santana 18, Cantabria, 03784",940967698
86844715,Jafet Almansa,"Paseo María Del Carmen Pou 870, Melilla, 41403",772837485
33798045,Ariel Huguet-Castrillo,"Plaza Renata Cañete 35, Cuenca, 23823",285307760
37028601,María Luisa Cáceres Rios,"Alameda Casandra Capdevila 88 Apt. 70 , Huesca, 21433",567403073
83819409,Paloma Baquero Tejada,"Avenida Loreto Villanueva 1 Piso 8 , Soria, 12308",009545028
66817166,Felicia Nicolau Huguet,"Urbanización Andrea Valverde 49 Puerta 8 , Las Palmas, 37575",736172919
23266990,Bernarda Sarabia Adadia,"Cañada de Susana Gonzalez 96, Melilla, 36859",746869305
73246125,Melisa Arce-Casanovas,"Urbanización Elodia Barrio 89 Apt. 35 , Guipúzcoa, 50685",010673389
99613567,Angélica Olga Rocamora Carretero,"Cañada de Yolanda Vilanova 73 Piso 3 , Melilla, 13845",853550413
17526818,Cesar Villalba-Caparrós,"C. Jose Miguel Raya 21, Navarra, 44370",277115244
52175689,Victoria Caballero Pulido,"Pasadizo de Bruno Arnal 70, Guipúzcoa, 24949",708289458
11242473,Manuel de Corral,"Calle de Hilda Águila 6 Piso 1 , Guipúzcoa, 24703",110775225
45685770,Florencio Carmelo Moliner Mateos,"Calle Etelvina Montero 39, Tarragona, 30378",518623064
47124406,Celestino Canals Pardo,"Glorieta Micaela Mayo 7 Piso 9 , Huelva, 20711",510295632
69174676,Graciela Pujol Agustín,"Ronda de Joaquín Palma 9 Puerta 0 , Jaén, 17342",763064717
98843260,Aroa Guijarro Galván,"Urbanización Gerónimo Rincón 645 Apt. 20 , Ciudad, 32462",212115806
53633545,Lara Bas,"Pasadizo Ciriaco Ortega 21 Piso 3 , Toledo, 17182",059313633
83169233,Miguel Ángel Pallarès Uribe,"Callejón Renata Mariscal 84 Apt. 94 , Málaga, 11637",170442430
61590799,Aurora Francisco-Mariño,"Urbanización de Natividad Serrano 6 Apt. 85 , Santa Cruz de Tenerife, 07807",760749194
90243144,Eligio Moliner Mulet,"Plaza de Brunilda Arnaiz 553 Puerta 2 , Zaragoza, 26016",725397376
42072588,Joaquín Villalobos Carro,"Rambla Saturnina Orozco 25 Piso 6 , Pontevedra, 39256",163597854
67344643,Vanesa Llabrés,"Ronda Eutimio Villalba 3 Puerta 9 , Ciudad, 11714",222335496
72623148,Dionisio Fausto Zaragoza Reina,"Ronda René Cerdá 16, Vizcaya, 32600",394315466
23222077,Fulgencio Santos Quesada,"Plaza Rafaela Pagès 91, Zamora, 33332",367962958
91894603,Borja Collado-Guardia,"Alameda de Adolfo Macias 18 Puerta 2 , Zamora, 14436",202932274
73526312,Gracia Prieto Saez,"Camino de Severiano Ariza 48 Piso 5 , Huelva, 22397",107476172
64005625,María Fernanda Agustí Palau,"Vial Lucho Saavedra 14 Piso 2 , Albacete, 51513",615287152
84393013,Zoraida Cuesta Mancebo,"Alameda de Magdalena Sosa 488, Cáceres, 14756",632282829
74563292,Paulina Agustí Flor,"Pasaje de Alejandra Arteaga 47 Piso 5 , Girona, 23039",336524680
48326667,Guillermo Llano Nieto,"Paseo Elena Carranza 92, La Rioja, 40612",764372658
28226431,Yaiza Fabiola Sancho Moliner,"Rambla Elisa Adán 38 Apt. 69 , Cantabria, 49632",170403540
59064690,Lourdes Fernandez Chaves,"Vial Emiliana Torrent 697, Málaga, 18638",438764003
52098706,Consuela Tatiana Ortuño Guitart,"Cañada de Azucena Querol 7 Puerta 4 , Navarra, 09820",713318273
37726295,Gastón Cano-Gutierrez,"Paseo de Valero Rocha 97, Barcelona, 12335",002703775
98627353,Nazaret Company Vallejo,"Pasaje Leonel Aparicio 126, Santa Cruz de Tenerife, 16872",680275494
21230625,Pepe Iriarte Seco,"Paseo de Yago Cano 63 Apt. 55 , Salamanca, 15478",389789706
63960295,Paulina Sonia Lloret Gallardo,"Pasadizo de Valero Córdoba 281, Ceuta, 14250",889776085
34432228,Irma Méndez,"Avenida Valeria Santos 60, Ávila, 50725",931758183
10737388,Conrado Bernal Calderon,"Pasaje de Salomé Infante 83, Pontevedra, 38122",157515719
27628116,Angelino Mercader Agustí,"Ronda de Carmelo Pelayo 4, Ávila, 27705",066227594
59551936,José Antonio Dani Romero Alegria,"Via de Leocadio Escrivá 1 Piso 7 , Cantabria, 08672",682522900
49990229,Raimundo Palomo Medina,"Cuesta de Sofía Cuadrado 5 Puerta 2 , Palencia, 40299",630566820
91851572,Rosenda Expósito Pons,"Glorieta de Malena Esparza 126 Puerta 1 , Soria, 23837",578179541
94930654,Lucho Pino Ribas,"Paseo de Alfonso Gracia 49, Ceuta, 20426",448490827
70869452,Mateo Saavedra Bravo,"Paseo Macario Blanch 567, Burgos, 16761",936344658
65582731,Azeneth de Verdugo,"Ronda Alondra Jurado 88 Puerta 3 , Cuenca, 41344",693620984
69236104,Paula Pacífica Rocamora Baños,"Plaza de Jenaro Collado 748 Puerta 8 , Guadalajara, 01309",745616360
11135835,Reyes Anastasia Lozano Bauzà,"Vial de María Jesús Jódar 961, Pontevedra, 46186",140467231
36714920,Yolanda Jimena Palmer Solsona,"Ronda Trinidad Tejera 650, Cantabria, 42810",547635753
64986841,Benito Sedano-García,"Vial Evelia Marin 57, Barcelona, 19590",443434241
84287584,Bernarda Antonia Giralt Moreno,"Pasadizo de Juana Izaguirre 8 Puerta 7 , Asturias, 43465",430535396
15561960,Saturnino Caballero-Baró,"Cañada de Lara Amores 9 Piso 6 , Barcelona, 49673",106769244
63507980,Rolando Agustín Tur,"Pasadizo de José Manuel Castrillo 1, Barcelona, 38212",817306383
12082668,Herberto Pedrero Menendez,"Pasaje de Martín Soria 30, Cáceres, 06509",727838848
27243804,Amanda Adora Ródenas Gargallo,"Plaza Primitivo Díaz 69 Piso 3 , Melilla, 38840",534747428
15193218,Marcio Abad Maestre,"Calle de Federico Rincón 65 Puerta 6 , Murcia, 08790",089160110
16028313,Nilo Castillo Arregui,"Acceso de Cirino Gallego 36 Puerta 3 , Tarragona, 32653",718825239
55600100,Josué Carmelo Guardia Sanchez,"Pasaje Teo Borrás 58 Apt. 19 , Toledo, 11319",746201290
85191817,Maricela Mesa Ripoll,"Urbanización de Gregorio Pellicer 72, Almería, 37942",015057229
73757770,Victorino Toledo Batalla,"Cuesta Román Mosquera 26, Navarra, 15951",162696745
91602884,Luciano Morell Cárdenas,"Pasadizo Rafaela Bravo 40, Alicante, 18910",600527009
40737550,Cándida Reig Arias,"Calle Angelino Bernat 7, La Rioja, 01423",178373307
87855783,Ramona Montes Nadal,"C. Espiridión Balaguer 61, Alicante, 23219",484219702
69448362,Ema Bayona Milla,"Ronda de Onofre Guijarro 963, Málaga, 01062",402373252
69841604,Iris Girona Bello,"Cuesta de Damián Olivares 60, Huelva, 45302",808765261
90663679,Victoriano Escrivá Luján,"Avenida Cintia Berenguer 78 Puerta 1 , Guipúzcoa, 26746",528230127
69462313,Nélida Aparicio-Carballo,"Cañada de María Manuela Roca 4, Huesca, 37067",404341624
80797192,Jose Manuel Valentín Torrent,"Plaza de Anita Sanabria 55 Apt. 97 , Huelva, 07927",486705338
22975501,Rico Sola,"Acceso de Otilia Girona 8 Piso 7 , Ciudad, 27774",812104297
82664887,Florencia de Benavente,"Pasadizo de Joel Franco 48, Córdoba, 24093",360310214
86095723,Gonzalo Alarcón Goicoechea,"Acceso de Juana Elías 501 Apt. 39 , Jaén, 38084",517191224
97164178,Oriana Doménech Quero,"Urbanización de Hugo Quirós 76 Apt. 77 , Castellón, 13789",373126306
15625251,Encarna Muro Tur,"Calle de Felix Alfaro 60 Apt. 19 , La Rioja, 30390",379742025
98834402,Iris Beltran Bustamante,"Camino de Bernardita Ribes 51 Puerta 6 , Guadalajara, 48865",008722930
18692998,Venceslás Jódar Saldaña,"Avenida Cornelio Méndez 7, Lugo, 43221",367158684
76876619,Jose Ramón Calderon,"Ronda Dulce Cañizares 99, Santa Cruz de Tenerife, 50006",961164694
20045521,Lino Benet Antón,"Paseo Carmen Gomila 16, Burgos, 27915",386001101
38681811,Manu Rubio Iriarte,"Vial Cesar Gracia 202, Tarragona, 42577",476363955
87514779,Lalo Noriega Bello,"Via de Edmundo Aznar 6, Badajoz, 35404",931227682
22844524,Édgar Guerrero,"Urbanización de Nicolás Quevedo 4 Apt. 36 , Albacete, 02955",734478283
21086669,Atilio del Barragán,"Ronda Elena Luna 3 Puerta 0 , Baleares, 48832",559238880
77443607,Miriam Salcedo Caro,"Acceso de Carmelita Báez 2 Apt. 07 , Vizcaya, 02919",332597871
54128245,Sancho Cornejo Colomer,"Urbanización de Wálter Amorós 37 Piso 2 , Lugo, 46546",762342703
70418613,Adelaida Carretero Cuéllar,"Callejón Ezequiel Valentín 3, Albacete, 09161",796163982
52162989,Bonifacio Olmo Mendez,"C. de Luis Ángel Rocamora 851, Zaragoza, 21192",590753558
31485892,Macaria Belen Recio Martí,"Camino Vicente Ferrández 349, Segovia, 38882",996594746
65336489,Victoriano Abella,"Callejón Carlito Castejón 3 Piso 6 , Córdoba, 22327",249993223
32224749,Ale Molins Olivares,"Plaza de Leoncio Asensio 41 Puerta 3 , Palencia, 46415",981275482
36561517,Trinidad Caro Valentín,"Alameda Julieta Riera 99 Apt. 18 , Guadalajara, 38825",391599014
62926379,Luisina Mata,"Glorieta Diana Pla 52 Puerta 1 , Álava, 46991",977899058
62398022,Ruperto Cornelio Bejarano Acosta,"Urbanización de Rebeca Gargallo 8, Teruel, 08411",720088899
73379266,Isidora Ruiz Blanch,"Cañada Óscar Sainz 46, Cuenca, 28941",991596677
78126038,Joel Torrents Carbonell,"Cañada de Eliana Pascual 85 Puerta 5 , Pontevedra, 49315",360300976
73873471,Felipe Suárez Lucena,"Cañada de Edelmira Ríos 57 Piso 0 , Huesca, 19001",519558090
51957902,Daniel Sevilla-Díaz,"Pasaje Aníbal Isern 21, Ciudad, 28916",856443318
98225602,Maricruz Moles Gimeno,"Ronda Hipólito Capdevila 473, Barcelona, 39723",589826531
20530694,Gisela de Abascal,"Glorieta Claudio Cuéllar 24 Piso 5 , Huelva, 27330",375820848
72550804,Clarisa Redondo Izaguirre,"Alameda Tecla Nicolás 41 Puerta 4 , Palencia, 14673",671308005
11363426,Felix Alcalde Blázquez,"C. de Anselma Moya 401 Puerta 4 , Santa Cruz de Tenerife, 27473",877157246
16204397,Octavia Álvarez,"Plaza de Estela Águila 744, Ávila, 16074",248315383
71901129,Gerardo Vega Cabanillas,"Vial Amada Guijarro 26 Puerta 4 , León, 32828",078210134
46012236,Adelia García Coloma,"Callejón de Pili Galvez 371 Puerta 3 , Cádiz, 12130",355662334
47819892,Etelvina Conde-Camino,"Rambla Jordana Álvaro 19 Apt. 06 , La Rioja, 11580",359933094
31163712,Jose Miguel Benjamín Salom Pujol,"Pasadizo de Vera Ferrer 87 Puerta 8 , Huelva, 05376",129079594
92548793,Fito Carpio Urrutia,"Acceso de Eusebia Parejo 518, Huelva, 11701",309251299
32543387,Lorenzo Ortega-Lasa,"Ronda Sofía Sierra 253 Apt. 59 , Palencia, 15779",867152897
84808637,Marco Moraleda-Catalán,"Plaza Dan Navarro 19 Piso 6 , Ávila, 11744",557257966
99694738,Clarisa Gálvez Merino,"Paseo América Esteve 44 Piso 7 , Salamanca, 48064",099575870
23400161,Fernanda Zamorano Manzano,"Pasaje de Faustino Raya 97 Piso 4 , Guipúzcoa, 41558",846474772
71852312,Eliana Fabiola Santamaría Escudero,"Urbanización de José Guillén 70, Almería, 22267",290703900
88025512,Estefanía Real Casals,"Rambla Faustino Alegria 84 Piso 7 , Álava, 08850",907682493
71858700,Etelvina Duque Quiroga,"Cañada Consuelo Gómez 85 Puerta 8 , Vizcaya, 44069",358786490
29886355,Mauricio Primitivo Aroca Torrens,"Vial de Herminia Plaza 3 Piso 0 , Cáceres, 21357",606183415
54658035,Herminia Lastra,"Avenida de Casandra Carbó 69, Murcia, 50381",039979764
28216852,Leonardo Sevillano Alcalá,"Rambla de Ramón Pablo 88 Apt. 38 , Lugo, 11211",450292515
62993565,Gerardo del Luís,"Urbanización de Ruperto Sarmiento 39 Apt. 02 , Zaragoza, 46434",683062036
98117423,Sigfrido Dimas Sanabria Barranco,"Acceso de Reynaldo Lago 95, Murcia, 43810",102577128
27976397,Buenaventura Hoz,"Glorieta Marcela Marcos 374, Baleares, 39310",584136793
37562113,Cecilio Benavente Royo,"C. Carmelita Andres 72, Zamora, 13952",954825221
18892728,Oriana Ros Carnero,"Alameda Édgar Marí 76 Apt. 88 , Sevilla, 05521",053936875
20209531,Íngrid Pou Niño,"Ronda Estrella Montero 43, La Rioja, 13794",562696716
74774593,Felix Niño Bustamante,"Ronda Jacobo Saez 191 Puerta 2 , León, 51279",649923048
54754390,Calista Vaquero Villegas,"Vial de Maximiliano Mármol 97, La Rioja, 22685",145607088
81791815,Elvira Soto Zabala,"Pasaje de Delfina Múñiz 1, Toledo, 03431",437323298
78429330,Azeneth Piñeiro Marquez,"Urbanización de Guillermo Morcillo 93, Cantabria, 24086",165216530
98360430,Demetrio Campoy Gimeno,"Ronda Roque Arellano 91 Apt. 55 , Ciudad, 37434",847422389
66538540,Rosa Galan Julián,"Pasaje Débora Almazán 68 Puerta 7 , Badajoz, 01170",329404589
65338265,Modesto Morán Salinas,"Ronda de Haydée Téllez 395, Álava, 01055",691581601
16002937,Emiliano Garrido Aguirre,"Plaza de Anastasia Santiago 5, Granada, 15412",386057965
10069625,Primitivo Rolando Paniagua Castillo,"Ronda Flavia Saldaña 65 Apt. 28 , Zaragoza, 15489",915321003
33278127,Guiomar Amigó,"Glorieta de Ale Cervantes 65, Zamora, 20976",692118732
37301890,Toribio Segismundo Aparicio Valverde,"Acceso Ricardo Huerta 95, Valladolid, 21765",420724776
83588882,Irene Lloret Galindo,"Callejón de Victoriano Morata 9 Puerta 8 , Ourense, 38328",394084292
79249776,Marisol Díaz Pino,"Glorieta de Susana Cerdán 61 Apt. 67 , Granada, 41224",127314854
19048387,Rosalina Cruz Muro,"Paseo de Rubén Borrás 37 Piso 8 , Girona, 03640",170740610
61478271,Bautista Cañas-Mateo,"Rambla Olivia Miró 42 Piso 1 , Barcelona, 20823",063168699
36695018,Brunilda Céspedes Gimenez,"Calle de Jorge Carbajo 471, Teruel, 34537",779699344
45138186,Salvador Ribera Estevez,"Cañada de Cleto Belmonte 2, Jaén, 17707",784244159
62581137,Marina de Jordá,"Plaza Piedad Gómez 96, Valladolid, 25560",823039902
33353246,Angelina Valdés Diez,"Avenida Edelmiro Colom 32 Piso 0 , Madrid, 12897",273789861
65311602,Micaela del Tejedor,"Plaza de Raimundo Samper 59 Puerta 2 , Palencia, 42448",738950561
21355586,María Pilar Leticia Caparrós Ortuño,"Calle de Corona Quintana 59 Apt. 40 , Valladolid, 16042",335642813
20107486,Paola Jara Pujol,"C. de Benigno Landa 51, Valladolid, 03699",545627075
83516528,Gala Viana Marcos,"Camino Silvia Llabrés 8 Piso 9 , Barcelona, 35530",963744591
75205174,Yolanda Ledesma Benito,"Avenida de Eligio Angulo 24 Apt. 55 , Almería, 18069",878667917
81024399,Teófilo Costa Barroso,"Urbanización de Paloma Chamorro 242 Piso 8 , Ciudad, 50369",138020742
38882892,Jesús Silvio Sevilla Matas,"Callejón de Pancho Tejera 32, Barcelona, 48131",451356021
74894587,Manolo Julián,"Camino Vanesa Martinez 96 Apt. 67 , Lugo, 27636",052251795
34743849,Eligio Bello,"Callejón Tomasa Prado 56 Piso 4 , Salamanca, 42942",456687696
40370007,Heriberto Escamilla Morillo,"Glorieta Silvestre Isern 82 Piso 4 , Alicante, 12996",191992345
92740304,Ulises Romeu Otero,"Glorieta de Regina Quevedo 64, La Coruña, 49468",607365459
27996178,Samanta Murillo Piñol,"Rambla Isidoro Benítez 32 Apt. 37 , Melilla, 10819",733192315
19093206,Pancho Jerez Duarte,"Glorieta de Casandra Ferrero 32 Piso 0 , Cáceres, 46141",932911864
46284551,Pánfilo Juliá Flores,"Ronda Aitor Malo 54, Vizcaya, 06477",496147540
49163087,Belén de Almeida,"C. de Araceli Amat 2 Apt. 99 , Asturias, 13674",933143729
24373171,Heriberto Aranda-Pintor,"Plaza Pío Pelayo 69 Apt. 26 , Navarra, 18465",360929985
95297883,Alfredo del Roca,"Cañada Lucas Tello 49, Lugo, 47018",620033289
37417248,Nacho Sarabia Mora,"Rambla Amado Camps 776 Puerta 7 , Girona, 13684",636965176
95159037,René Saldaña,"Via Xavier Trujillo 22 Piso 6 , Murcia, 32799",994362104
42829949,Azucena Cano-Prado,"Alameda de Rosendo Agudo 346, Santa Cruz de Tenerife, 05686",322151337
49337508,Tamara Pinto Olmo,"Pasaje Lara Carvajal 80, Zamora, 38857",796207478
34065930,Mireia Pedrosa Arribas,"Ronda Lucio Águila 62 Apt. 02 , Almería, 12330",599477530
91748508,Salvador Artigas Sala,"Cañada de Diana Nogués 16, Cuenca, 20339",627514587
66783615,Cruz Checa,"Via de Emma Ricart 40 Piso 2 , Granada, 41090",939795000
46839642,Celestina Campo-Peral,"Avenida María Carmen Llanos 917, Valencia, 29782",129559748
21968323,Ceferino Pujadas Mendoza,"Calle de Cirino Vergara 137 Piso 7 , Pontevedra, 01312",299050411
44207723,Milagros Iriarte Chico,"Avenida Carmelita Garcés 72, Lleida, 12379",273539147
56226970,Cándido Talavera Galvez,"Cañada Patricia Laguna 40 Piso 6 , Zamora, 30696",505043307
94245881,Borja Valbuena Valera,"Avenida de Goyo Benitez 79 Piso 1 , Jaén, 24815",233026423
33291786,Gloria Valentina Aguado Alemán,"Avenida de Edelmiro Lara 424 Puerta 2 , Cádiz, 11711",998256602
52253600,Máxima Valderrama-Olmedo,"Pasaje de Ildefonso Velázquez 26, Ceuta, 14538",738491423
56908127,Lidia Lago-Estrada,"Cañada Isaura Bosch 285, Segovia, 42402",746185087
88203063,Guadalupe Pinto-Barrios,"Rambla Roldán Ferreras 11, Melilla, 23492",460785865
14043086,Consuelo Larrea-Rivero,"Alameda de Tiburcio Roca 8 Apt. 93 , Ceuta, 47154",243766512
90975984,Rita Escolano Gaya,"Callejón de Heraclio Capdevila 4 Apt. 03 , Asturias, 05380",146465098
79666611,Lázaro Abella Cuevas,"Paseo de Prudencia Bernad 318, Castellón, 24881",408327608
73424543,Odalis Jáuregui Pi,"Avenida Rufino Fuente 23 Apt. 73 , Navarra, 32201",039146471
34076154,Virgilio Juan Luis Gisbert Catalá,"Vial de Itziar Moliner 259, Murcia, 18716",838836568
18484116,Martina Oliveras Collado,"Pasaje de Encarna Bellido 81 Apt. 18 , Ávila, 15672",301265193
43441601,Sancho Zapata Carnero,"Pasadizo Anabel Palmer 29 Piso 7 , Cuenca, 50625",484396289
86681960,Anna del Serra,"Glorieta María Dolores Suarez 26, Pontevedra, 51861",908555811
99245750,Sebastián Marin Puerta,"Paseo Marita Menendez 352, Ciudad, 38827",942661598
11030025,Fernando Mendoza,"Pasadizo de Sancho Garrido 78, Valladolid, 06325",092119094
25422829,Dorotea Cortés-Múñiz,"Acceso de Enrique Barragán 6, Asturias, 05731",036584549
77446690,Mateo Mata Pujol,"Vial Juan Manuel Castañeda 674, Ciudad, 08682",955464390
71485014,Santiago Palacios Pedraza,"Rambla de Vidal Collado 41 Puerta 1 , Jaén, 38087",469918811
85557446,Ofelia Conesa,"Urbanización de Tomasa Mariño 53 Puerta 4 , Burgos, 30332",912382857
70817398,Emiliano Lillo Llobet,"Acceso Julie Sevilla 88 Apt. 32 , Álava, 16198",672931439
29188998,Edelmiro Sierra-Saavedra,"Camino de Edmundo Andres 93 Piso 4 , Guipúzcoa, 43879",434668853
89355890,Encarnacion Roura Almagro,"Cuesta de Rico Valle 1 Piso 1 , Cáceres, 44191",133001919
79364070,Luciano Manrique Tejada,"Camino Eligia Rozas 37 Apt. 35 , Murcia, 19976",615774598
79518080,Abraham Sáenz Borrego,"Urbanización Juan José Fuentes 7 Piso 6 , Cáceres, 51511",701479638
62794801,María Teresa María Dolores Nogués Gibert,"Vial Pía Alberdi 49, Toledo, 33634",263455891
43196560,Marisela Leon-Armas,"Paseo de Ibán Guardiola 4, Burgos, 28476",462314856
52819137,Gracia Jáuregui Montesinos,"Acceso Aura Villalonga 8, Zaragoza, 27220",131290672
51938308,Flora Múgica Sastre,"Avenida Encarna Ochoa 48, Alicante, 11002",288382840
88109647,Aránzazu Alcázar Quintana,"Cañada Teodoro Toledo 8 Piso 0 , Girona, 03531",805620406
57772775,Antonia Ocaña Fuentes,"Glorieta de Máxima Lloret 7, Soria, 44203",491998705
65788147,Maricruz Losa Berenguer,"Vial Victoria Morata 6 Apt. 04 , Sevilla, 06156",666521702
20331465,Jenny Bastida Valenciano,"Rambla de Samuel Jordá 91, Segovia, 23592",653176191
56544029,María Del Carmen Sevilla Lobato,"Paseo de Ariel Rivero 37 Apt. 59 , Cantabria, 39234",406560681
90646302,Dionisio Cañizares Antón,"Alameda Benita Suarez 20, Álava, 25736",620212896
22998001,Natividad Bas Blázquez,"Avenida de Guiomar Conesa 89 Piso 5 , Jaén, 15204",079812090
17670149,Bautista Campos Alberto,"Cañada Etelvina Guitart 60 Puerta 2 , Teruel, 49028",369856617
78687098,Emigdio de Baquero,"Cañada de Basilio Baró 302 Apt. 20 , Tarragona, 43950",927475483
94910554,Delia Sans Villalba,"Vial Nicodemo Lorenzo 50 Piso 9 , Pontevedra, 05605",572025708
90572769,Jesusa Torrecilla Ros,"Alameda Zoraida Vidal 315 Apt. 53 , Lugo, 36528",603958774
85454269,Eligia Malena Olmedo Escobar,"Cuesta de Consuela Uriarte 75, Asturias, 19329",298168326
70363284,Ascensión de Camacho,"Camino Héctor Rueda 18, Granada, 38324",655657252
73464008,Julieta Sánchez Sanmiguel,"C. de Roberto Belda 81, Lleida, 50825",956637306
97423024,Juan Manuel del Iglesia,"Ronda de Salvador Manrique 233, Castellón, 06048",656037250
22039848,Iván Miralles,"Camino Tamara Soria 56 Puerta 1 , Melilla, 36886",501915526
92367025,Maristela de Ballesteros,"Callejón de Abraham Criado 187, Madrid, 45468",026263931
90892920,Julio Nogués Miranda,"Pasadizo María José Guzman 535, Lleida, 42853",186713272
81024429,Bruno Nevado Morell,"Cuesta de Modesto Páez 4, Valencia, 37057",879569003
53703511,Amparo Sales Pont,"Plaza Jesusa Adán 44, Zaragoza, 43624",590557065
94145642,Soraya Molina Gascón,"Plaza de Laura Castilla 83 Apt. 02 , Valladolid, 11297",037521699
46908744,Teófilo Ledesma Toro,"Camino Tomasa Baeza 9, Guipúzcoa, 31615",780041738
61690487,Teodosio Francisco Cisneros,"Pasadizo Lucila Almansa 11 Puerta 0 , Barcelona, 14155",788410865
46684627,Adrián Romero Cifuentes,"Pasadizo de Espiridión Barba 62 Piso 2 , Lleida, 40231",347766114
48429156,Otilia Garriga-Prats,"Plaza Ángeles Estrada 9 Apt. 43 , Vizcaya, 13998",799867323
26492693,Ibán Danilo Lorenzo Delgado,"Camino de Irma Saldaña 90, Melilla, 40780",501845100
73638405,Gastón Bermejo,"Calle Esperanza Sancho 56 Apt. 68 , Burgos, 38609",666878183
22125864,Concha Figueroa,"Paseo de Ángeles Sanabria 5, Salamanca, 08513",122943616
78652229,Florentino Marquez Hernandez,"Pasadizo de Adelina Abad 87, Sevilla, 23334",358578179
41436287,Román Cánovas-Oliveras,"C. Candelario Miró 71 Puerta 6 , Asturias, 16918",256803183
31239358,Jordán Garcia Ferreras,"Vial de Etelvina Bou 51 Apt. 03 , Cáceres, 14294",581817198
40538789,Xavier Santamaría,"Paseo Florinda Gutiérrez 77, León, 03417",946541745
77658756,Jose Angel Zamora Arana,"Ronda de Rosario Marín 20, Sevilla, 07375",117049335
25893005,Galo Sigfrido Antúnez Reig,"C. Julie Bello 95, Guadalajara, 40760",110318593
66171997,Ildefonso Artemio Camacho Guzman,"Vial de Berta Bautista 92 Puerta 1 , Salamanca, 30745",222739412
28495504,Jose Manuel Ponce Iriarte,"Plaza de Ángeles Feliu 10 Puerta 8 , Girona, 29875",743384905
19541953,Ruy Samper Alcázar,"Pasaje de Yago Rios 262 Apt. 22 , Guipúzcoa, 40348",755772182
78610378,Alcides Álamo-Roldan,"Avenida Edu Borrás 739 Puerta 5 , Lleida, 25387",722744991
93638606,Adoración Ferrer-Roselló,"C. Nicodemo Báez 99 Piso 8 , Las Palmas, 09300",395948847
25514605,Morena del Uribe,"Vial Amor Aranda 62, Baleares, 49625",379198508
80066913,Lope Morata Maldonado,"Urbanización Isaac Buendía 4, Lleida, 26998",369733480
31518580,Belen Méndez Martínez,"Plaza de Atilio Roman 89 Puerta 7 , Castellón, 01703",714703014
14804135,Armida del Amor,"Calle Yolanda Abella 9, Jaén, 31820",735325455
98396714,José Antonio Solana Santamaría,"Calle de Etelvina Quintanilla 64 Piso 2 , Cádiz, 31475",865899563
43815248,Angelino Tolosa Olivera,"Pasaje Rufina Pareja 456 Puerta 1 , Cantabria, 17508",040279220
11749773,Seve Medina-Collado,"Pasadizo Germán Linares 93 Piso 3 , Palencia, 34262",299319970
50479072,Horacio Manuel Arellano Espinosa,"Cañada Nicanor Valero 925 Apt. 20 , Burgos, 51148",552463599
56370000,Juan Antonio Puig Ribes,"Paseo Juan Antonio Blazquez 6 Apt. 55 , Badajoz, 17117",539468817
88283793,Prudencia Higueras-Ibáñez,"Cañada Juan Francisco Rovira 88 Puerta 2 , Santa Cruz de Tenerife, 33264",116028579
25228322,Zaida Ferrándiz Cabanillas,"Vial Bernarda Huguet 5 Piso 0 , Cuenca, 17346",461940831
96345532,Leoncio Madrigal Borrego,"Cañada Nuria Vila 46 Puerta 4 , Pontevedra, 36766",884781697
50231585,Jose Pino Fábregas,"Alameda de Victor Manuel Valdés 63 Puerta 8 , Ciudad, 35339",478486426
32238100,Blas de Barba,"Cuesta de Pepita Boada 65 Piso 0 , León, 15987",941596896
38199332,Felipa Marqués Puig,"Acceso de Demetrio Lledó 11 Apt. 11 , Cádiz, 24023",953673233
62127669,Zacarías Mora Ortiz,"Acceso Víctor Mariño 679 Piso 4 , Lleida, 23604",826848323
85683482,Francisco Javier Saturnino Solana Jimenez,"Cuesta de Sabina Espada 22, Burgos, 45626",604546434
82615775,Jovita Roca Sotelo,"Acceso de Flor Camps 39, Valladolid, 42141",443569014
75281934,Eliana Ibáñez Zaragoza,"Plaza Onofre Infante 43, Álava, 33002",587586510
87266927,Soledad Álamo Ochoa,"Vial de Lina Solsona 47 Piso 9 , Santa Cruz de Tenerife, 49422",535968688
46746848,Gema Galván-Martorell,"Acceso de Maxi Sacristán 34 Piso 4 , Soria, 50824",926184546
28451659,Flor Ayllón Hernando,"Callejón Raimundo Expósito 97 Piso 1 , Guipúzcoa, 45168",152417467
76012199,Saturnina Nazaret Gras Avilés,"Cuesta de Lucila Domínguez 43 Apt. 44 , Cádiz, 37348",153595072
86696217,Bruno Molina-Bermúdez,"Camino Clara Figueras 93, Vizcaya, 47101",379047039
63948471,Clemente Amor Moliner Casanova,"Pasadizo de Celia Múgica 71, Huelva, 36427",790290806
69080532,Florinda Bauzà-Carnero,"Callejón de Adoración Bellido 8, Soria, 01529",268862163
10519785,Etelvina Pou,"Cañada Nilda Paredes 35, Guipúzcoa, 23876",679235805
43416914,Domitila Mas Lara,"Paseo de Vilma Meléndez 734 Apt. 24 , Cáceres, 31521",875155291
71882924,Maristela Garmendia,"Glorieta Bernarda Cruz 28, Granada, 22011",429936551
86672784,Teófila Castelló Mur,"Paseo de Noemí Neira 57, Madrid, 01646",562905153
67356015,Ernesto de Villalba,"Urbanización de Mariano Ferrándiz 41 Puerta 4 , Palencia, 44290",195985152
88413714,Ruben Manso Tomas,"Pasaje Noé Vicens 143 Apt. 28 , Asturias, 24355",921662614
88749544,Donato Paniagua Jordán,"C. de Clotilde Valenzuela 96 Piso 7 , Melilla, 29653",843889122
60378039,Dolores Mulet Garcés,"Rambla Aarón Ribera 597 Apt. 83 , Girona, 48776",912143419
21970599,René Egea Calvo,"Callejón de Zoraida Cabanillas 429, Salamanca, 21320",451035861
69532407,Gilberto José Manuel Palomo Losa,"Avenida Luciana Vargas 21, Baleares, 35837",397690092
94840836,Petrona Rosales Aragón,"Ronda Esperanza Moliner 97, Álava, 49447",289476258
72295813,Ale Nazaret Iglesias Mármol,"Acceso de Pía Franch 770 Apt. 37 , Huesca, 40479",337274700
74215830,Benito Santamaria Alcaraz,"Plaza Rosa María Castro 34 Apt. 36 , Ourense, 50497",698333692
22863899,Elba Araceli Guzmán Jordá,"C. Luisina Real 17 Puerta 8 , Castellón, 01663",353631474
58994240,Belén Pallarès Tejera,"Via de Rosa Martorell 611 Apt. 19 , Huesca, 06326",531838838
66720764,Martín Rios Saavedra,"Camino Vanesa Arregui 77 Apt. 54 , Palencia, 27655",360193141
68472465,Marita Marti,"Alameda de Benita Vazquez 5, Zamora, 21195",867624320
65015279,Abel Tirado Laguna,"Via Sandra Anglada 1 Puerta 0 , Lugo, 49035",791099345
12879242,Cipriano Nogueira España,"Camino de Macarena Perera 684, Asturias, 47619",724474281
50176075,Fortunato Rufino Catalá Agustín,"Pasadizo de Amado Montes 68 Puerta 9 , Zamora, 26948",379478108
43534149,Corona Sánchez Salom,"Via Teófila Téllez 495 Apt. 74 , Jaén, 14802",206812077
98107439,Armida Gras Merino,"Via Pedro Ayllón 98 Apt. 23 , Pontevedra, 19718",100028627
66800003,Rosendo Camacho Pont,"Plaza de Narciso Almagro 89 Puerta 8 , Cádiz, 47958",511009118
77054645,Reyes Briones Tena,"Cuesta Emigdio Villar 98 Apt. 40 , Cantabria, 21305",524588210
52606371,Vasco Escudero,"Acceso de Gertrudis Valdés 31, La Rioja, 46083",940031143
57936728,Graciana Valenciano Carretero,"Cuesta de Alba Correa 866 Puerta 3 , Badajoz, 38435",148557712
80328005,Emiliana Cobo Santiago,"Cañada Jordana Piquer 490, Ciudad, 41190",139155617
77571738,Prudencio Moya,"Via de Otilia Oller 46, Barcelona, 50043",600203164
61700415,Carlos Patiño Zabala,"Ronda Federico Cabanillas 283, Badajoz, 40054",871898539
